Rk,Player,Tm,FantPos,Age,G,GS,Cmp,Att,Yds,TD,Int,Att,Yds,Y/A,TD,Tgt,Rec,Yds,Y/R,TD,Fmb,FL,TD,2PM,2PP,FantPt,PPR,DKPt,FDPt,VBD,PosRank,OvRank,PlayerID
1,Christian McCaffrey,SFO,RB,27,11,11,0,0,0,0,0,193,939,4.87,11,58,48,389,8.10,5,3,2,16,,,225,272.8,280.8,248.8,113,1,1,McCaCh01
2,Tyreek Hill,MIA,WR,29,11,11,0,0,0,0,0,3,19,6.33,0,120,88,1324,15.05,10,1,1,10,,,192,280.3,284.3,236.3,100,1,2,HillTy00
3,Josh Allen,BUF,QB,27,12,12,295,433,3214,24,13,62,342,5.52,9,0,0,0,,0,4,3,9,,3,287,286.8,308.8,299.8,90,1,3,AlleJo02
4,Raheem Mostert,MIA,RB,31,11,11,0,0,0,0,0,151,785,5.20,13,27,20,158,7.90,2,4,1,15,,,182,202.3,209.3,192.3,73,2,4,MostRa00
5,Keenan Allen,LAC,WR,31,11,11,1,1,49,1,0,2,6,3.00,0,129,97,1117,11.52,7,2,1,7,,,158,255.3,259.3,206.8,68,2,5,AlleKe00
6,CeeDee Lamb,DAL,WR,24,11,11,0,0,0,0,0,7,54,7.71,1,104,78,1066,13.67,6,2,1,7,1,,154,232.0,236.0,193.0,64,3,6,LambCe00
7,Jalen Hurts,PHI,QB,25,11,11,242,358,2697,18,10,114,410,3.60,11,0,0,0,,0,6,4,11,,,259,258.9,278.9,268.9,64,2,7,HurtJa00
8,A.J. Brown,PHI,WR,26,11,11,0,0,0,0,0,0,0,,0,105,73,1050,14.38,7,0,0,7,,,147,220.0,223.0,183.5,58,4,8,BrowAJ00
9,Stefon Diggs,BUF,WR,30,12,12,0,0,0,0,0,0,0,,0,121,83,969,11.67,8,2,1,8,1,,145,227.9,231.9,186.4,56,5,9,DiggSt00
10,Mike Evans,TAM,WR,30,11,11,0,0,0,0,0,0,0,,0,91,54,850,15.74,9,0,0,9,,,139,193.0,196.0,166.0,50,6,10,EvanMi00
11,Travis Etienne,JAX,RB,24,11,11,0,0,0,0,0,194,726,3.74,7,48,36,312,8.67,1,0,0,8,2,,156,191.8,197.8,173.8,48,3,11,EtieTr00
12,T.J. Hockenson,MIN,TE,26,12,9,0,0,0,0,0,0,0,,0,108,80,786,9.83,5,1,1,5,,,107,186.6,190.6,146.6,46,1,12,HockTJ00
13,D.J. Moore,CHI,WR,26,12,12,0,0,0,0,0,1,1,1.00,0,93,70,1003,14.33,6,1,1,6,,,134,204.4,208.4,169.4,46,7,13,MoorD.00
14,Travis Kelce,KAN,TE,34,10,10,0,0,0,0,0,0,0,,0,88,70,732,10.46,5,1,1,5,,,101,171.2,175.2,136.2,41,2,14,KelcTr00
15,Amon-Ra St. Brown,DET,WR,24,10,10,0,0,0,0,0,3,13,4.33,0,109,82,993,12.11,5,1,1,5,,,129,210.6,214.6,169.6,40,8,15,StxxAm00
16,Ja'Marr Chase,CIN,WR,23,11,11,0,0,0,0,0,3,-6,-2.00,0,112,75,914,12.19,6,1,0,6,,,127,201.8,204.8,164.3,39,9,16,ChasJa00
17,George Kittle,SFO,TE,30,11,11,0,0,0,0,0,1,2,2.00,0,61,46,667,14.50,5,0,0,5,,,97,142.9,145.9,119.9,37,3,17,KittGe00
18,Brian Robinson Jr.,WAS,RB,24,12,12,0,0,0,0,0,153,611,3.99,5,36,29,326,11.24,3,3,1,8,1,,142,170.7,177.7,156.2,34,4,18,RobiBr01
19,Dak Prescott,DAL,QB,30,11,11,259,370,2935,23,6,34,151,4.44,2,0,0,0,,0,1,0,2,,1,227,226.5,238.5,232.5,33,3,19,PresDa01
20,Josh Jacobs,LVR,RB,25,12,12,0,0,0,0,0,220,771,3.50,6,52,35,280,8.00,0,3,1,6,,,139,174.1,181.1,156.6,32,5,20,JacoJo01
21,Mark Andrews,BAL,TE,28,10,9,0,0,0,0,0,1,0,0.00,0,61,45,544,12.09,6,1,0,6,,,90,135.4,138.4,112.9,31,4,21,AndrMa00
22,Brandon Aiyuk,SFO,WR,25,10,10,0,0,0,0,0,0,0,,0,65,45,881,19.58,5,0,0,5,,,118,163.1,166.1,140.6,30,10,22,AiyuBr00
23,Tank Dell,HOU,WR,24,10,8,0,0,0,0,0,11,51,4.64,0,75,47,709,15.09,7,1,0,7,,,118,165.0,168.0,141.5,30,11,23,DellNa00
24,Justin Herbert,LAC,QB,25,11,11,266,402,2826,20,6,48,233,4.85,3,1,1,10,10.00,0,4,1,3,,1,223,224.3,237.3,229.8,30,4,24,HerbJu00
25,Lamar Jackson,BAL,QB,26,12,12,228,334,2618,13,5,112,574,5.13,5,0,0,0,,0,11,6,5,,,222,222.1,239.1,227.1,29,5,25,JackLa00
26,C.J. Stroud,HOU,QB,22,11,11,249,391,3266,19,5,29,132,4.55,3,1,1,0,0.00,0,6,4,3,1,,222,222.8,237.8,227.3,29,6,26,StroCJ00
27,Sam LaPorta,DET,TE,22,11,9,0,0,0,0,0,0,0,,0,77,55,539,9.80,5,0,0,5,2,,88,142.9,145.9,115.4,29,5,27,LaPoSa01
28,Gus Edwards,BAL,RB,28,12,6,0,0,0,0,0,141,590,4.18,10,11,10,130,13.00,0,1,0,10,1,,134,144.0,150.0,139.0,27,6,28,EdwaGu00
29,Sam Howell,WAS,QB,23,12,12,323,486,3339,18,13,36,222,6.17,3,0,0,0,,0,4,2,3,1,,218,217.8,238.8,230.8,25,7,29,HoweSa00
30,Puka Nacua,LAR,WR,22,11,11,0,0,0,0,0,3,11,3.67,0,111,73,924,12.66,3,1,0,3,,,112,184.5,187.5,148.0,24,12,30,NacuPu00
31,Derrick Henry,TEN,RB,29,11,11,1,2,2,1,0,176,739,4.20,6,26,21,167,7.95,0,0,0,6,,,131,151.7,157.7,141.2,24,7,31,HenrDe00
32,Kyren Williams,LAR,RB,23,7,6,0,0,0,0,0,113,599,5.30,6,30,19,166,8.74,3,1,0,9,,,131,149.5,155.5,140.0,24,8,32,WillKy02
33,Jordan Addison,MIN,WR,21,12,9,0,0,0,0,0,1,2,2.00,0,82,54,686,12.70,7,0,0,7,,,111,164.8,167.8,137.8,24,13,33,AddiJo00
34,Nico Collins,HOU,WR,24,10,5,0,0,0,0,0,0,0,,0,73,50,800,16.00,5,0,0,5,,,110,160.0,163.0,135.0,23,14,34,CollNi00
35,David Montgomery,DET,RB,26,8,8,0,0,0,0,0,133,648,4.87,9,13,8,88,11.00,0,2,1,9,1,,128,135.6,139.6,131.6,21,9,35,MontDa01
36,Taysom Hill,NOR,TE,33,11,6,5,6,72,1,0,57,287,5.04,3,31,24,214,8.92,1,1,1,4,,,79,103.0,110.0,91.0,20,6,36,HillTa00
37,Bijan Robinson,ATL,RB,21,11,10,0,0,0,0,0,141,703,4.99,3,49,32,240,7.50,3,2,2,6,,,126,158.3,166.3,142.3,20,10,37,RobiBi01
38,Cole Kmet,CHI,TE,24,12,12,0,0,0,0,0,3,2,0.67,0,68,56,482,8.61,5,1,0,5,,,78,134.4,137.4,106.4,20,7,38,KmetCo00
39,D'Andre Swift,PHI,RB,24,11,10,0,0,0,0,0,161,770,4.78,4,39,34,201,5.91,1,3,1,5,,,125,159.1,166.1,142.1,19,11,39,SwifDA00
40,Davante Adams,LVR,WR,31,12,12,0,0,0,0,0,0,0,,0,118,69,814,11.80,4,0,0,4,,,105,174.4,177.4,139.9,18,15,40,AdamDa01
41,DeVonta Smith,PHI,WR,25,11,11,0,0,0,0,0,0,0,,0,76,55,738,13.42,5,0,0,5,,,104,158.8,161.8,131.3,17,16,41,SmitDe07
42,Patrick Mahomes,KAN,QB,28,11,11,280,411,2917,21,9,53,305,5.75,0,0,0,0,,0,3,2,0,,,209,209.2,226.2,218.2,17,8,42,MahoPa00
43,Isiah Pacheco,KAN,RB,24,11,10,0,0,0,0,0,158,669,4.23,5,34,30,196,6.53,1,0,0,6,,,123,152.5,158.5,137.5,16,12,43,PachIs00
44,Jakobi Meyers,LVR,WR,27,11,11,0,1,0,0,0,3,19,6.33,1,76,52,591,11.37,6,0,0,7,,,103,155.0,158.0,129.0,16,17,44,MeyeJa01
45,Dalton Schultz,HOU,TE,27,11,6,0,0,0,0,0,0,0,,0,61,40,455,11.38,5,1,1,5,,,74,113.5,117.5,93.5,15,8,45,SchuDa00
46,Kenneth Walker III,SEA,RB,23,10,10,0,0,0,0,0,149,613,4.11,6,23,17,173,10.18,1,0,0,7,,,121,137.6,143.6,129.1,14,13,46,WalkKe00
47,Calvin Ridley,JAX,WR,29,11,11,0,0,0,0,0,5,28,5.60,0,76,47,663,14.11,5,1,0,5,1,,101,148.1,151.1,124.6,14,18,47,RidlCa00
48,Rachaad White,TAM,RB,24,11,11,0,0,0,0,0,156,559,3.58,4,46,43,364,8.47,1,1,1,5,,,120,163.3,170.3,141.8,14,14,48,WhitRa01
49,James Cook,BUF,RB,24,12,8,0,0,0,0,0,153,731,4.78,1,39,33,308,9.33,2,2,1,3,,,120,152.9,159.9,136.4,14,15,49,CookJa01
50,Zack Moss,IND,RB,26,10,5,0,0,0,0,0,141,672,4.77,5,23,18,138,7.67,1,0,0,6,1,,119,137.0,143.0,128.0,13,16,50,MossZa00
51,Adam Thielen,CAR,WR,33,11,11,0,0,0,0,0,1,6,6.00,0,100,77,728,9.45,4,1,0,4,1,,99,176.4,179.4,137.9,13,19,51,ThieAd00
52,Michael Pittman Jr.,IND,WR,26,11,11,0,0,0,0,0,0,0,,0,111,76,784,10.32,3,1,0,3,1,,98,174.4,177.4,136.4,12,20,52,PittMi01
53,Courtland Sutton,DEN,WR,28,11,9,0,0,0,0,0,0,0,,0,68,48,560,11.67,8,3,3,8,,,98,146.0,152.0,122.0,11,21,53,SuttCo00
54,Joe Mixon,CIN,RB,27,11,11,0,0,0,0,0,161,621,3.86,4,40,33,232,7.03,1,0,0,5,,,115,148.3,154.3,131.8,10,17,54,MixoJo00
55,Jayden Reed,GNB,WR,23,11,9,0,0,0,0,0,7,81,11.57,1,59,36,497,13.81,5,2,0,6,1,,96,131.8,134.8,113.8,9,22,55,ReedJa03
56,Gabriel Davis,BUF,WR,24,12,12,0,0,0,0,0,1,-2,-2.00,0,67,39,595,15.26,6,1,1,6,1,,95,134.3,138.3,114.8,9,23,56,DaviGa01
57,Chris Olave,NOR,WR,23,11,9,0,0,0,0,0,0,0,,0,103,63,771,12.24,3,0,0,3,,,95,158.1,161.1,126.6,9,24,57,OlavCh00
58,Saquon Barkley,NYG,RB,26,9,9,0,0,0,0,0,165,697,4.22,1,40,28,168,6.00,4,1,1,5,,,115,142.5,149.5,128.5,9,18,58,BarkSa00
59,Jahmyr Gibbs,DET,RB,21,9,3,0,0,0,0,0,109,566,5.19,5,52,41,278,6.78,0,0,0,5,,,114,155.4,161.4,134.9,9,19,59,GibbJa01
60,Tony Pollard,DAL,RB,26,11,11,0,0,0,0,0,160,669,4.18,4,46,39,233,5.97,0,3,1,4,1,,114,153.2,160.2,133.7,8,20,60,PollTo00
61,Jake Ferguson,DAL,TE,24,11,10,0,0,0,0,0,0,0,,0,58,40,421,10.53,4,0,0,4,,,66,106.1,109.1,86.1,8,9,61,FergJa00
62,DeAndre Hopkins,TEN,WR,31,11,11,0,0,0,0,0,1,5,5.00,0,83,45,699,15.53,4,0,0,4,,,94,139.4,142.4,116.9,8,25,62,HopkDe00
63,Brock Purdy,SFO,QB,24,11,11,214,305,2871,19,6,33,122,3.70,2,0,0,0,,0,6,2,2,,,199,199.0,213.0,205.0,7,9,63,PurdBr00
64,Breece Hall,NYJ,RB,22,11,11,0,0,0,0,0,124,569,4.59,2,49,38,320,8.42,2,2,0,4,,,113,150.9,156.9,131.9,7,21,64,HallBr03
65,Jordan Love,GNB,QB,25,11,11,225,372,2599,19,10,37,221,5.97,2,0,0,0,,0,6,0,2,,2,198,198.1,214.1,208.1,6,10,65,LoveJo03
66,Christian Kirk,JAX,WR,27,11,11,1,2,-1,0,0,1,6,6.00,0,84,56,761,13.59,3,2,2,3,,,91,146.7,151.7,118.7,5,26,66,KirkCh01
67,Joshua Dobbs,2TM,QB,28,12,11,252,394,2401,13,10,72,400,5.56,6,0,0,0,,0,14,7,6,2,1,196,196.0,219.0,206.0,4,11,67,DobbJo00
68,Jerome Ford,CLE,RB,24,11,7,0,0,0,0,0,145,628,4.33,3,41,27,163,6.04,2,1,1,5,1,,109,136.1,143.1,122.6,4,22,68,FordJe00
69,Amari Cooper,CLE,WR,29,11,11,0,0,0,0,0,0,0,,0,86,47,765,16.28,2,1,0,2,,,89,135.5,138.5,112.0,3,27,69,CoopAm00
70,Jaylen Waddle,MIA,WR,25,10,10,0,0,0,0,0,2,10,5.00,0,75,52,691,13.29,3,0,0,3,,,88,140.1,143.1,114.1,2,28,70,WaddJa00
71,David Njoku,CLE,TE,27,11,11,0,0,0,0,0,0,0,,0,78,51,492,9.65,2,1,1,2,,,59,110.2,114.2,84.7,2,10,71,NjokDa00
72,Terry McLaurin,WAS,WR,28,12,12,0,0,0,0,0,0,0,,0,97,60,694,11.57,2,0,0,3,,,87,147.4,150.4,117.4,2,29,72,McLaTe00
73,Trey McBride,ARI,TE,24,12,7,0,0,0,0,0,0,0,,0,65,48,521,10.85,1,0,0,1,,,58,106.1,109.1,82.1,1,11,73,McBrTr01
74,Rhamondre Stevenson,NWE,RB,25,11,11,0,0,0,0,0,147,580,3.95,4,50,37,238,6.43,0,0,0,4,,,106,142.8,148.8,124.3,1,23,74,StevRh00
75,Dalton Kincaid,BUF,TE,24,11,9,0,0,0,0,0,0,0,,0,64,56,474,8.46,2,1,1,2,,,57,113.4,117.4,85.4,,12,75,KincDa00
76,Henry Pearson,GNB,,24,1,0,0,0,0,0,0,0,0,,0,0,0,0,,0,0,0,0,,,,,,,,1,76,PearHe00
77,Alvin Kamara,NOR,RB,28,8,8,0,0,0,0,0,119,457,3.84,2,61,54,355,6.57,1,0,0,3,3,,105,159.2,165.2,132.2,,24,77,KamaAl00
78,Jared Goff,DET,QB,29,11,11,275,405,3075,18,8,26,23,0.88,2,0,0,0,,0,5,3,2,,2,191,191.3,205.3,199.3,,12,78,GoffJa00
79,Tua Tagovailoa,MIA,QB,25,11,11,263,377,3177,22,10,27,40,1.48,0,0,0,0,,0,10,4,0,,,191,191.1,208.1,201.1,,13,,TagoTu00
80,Russell Wilson,DEN,QB,35,11,11,218,319,2199,20,4,53,266,5.02,1,0,0,0,,0,7,4,1,,,185,184.6,198.6,188.6,,14,,WilsRu00
81,Trevor Lawrence,JAX,QB,24,11,11,249,370,2746,12,7,51,240,4.71,3,0,0,0,,0,7,4,3,,1,180,179.8,196.8,186.8,,15,,LawrTr00
82,Baker Mayfield,TAM,QB,28,11,11,246,380,2588,17,7,44,153,3.48,0,0,0,0,,0,7,2,0,,2,173,172.8,187.8,179.8,,16,,MayfBa00
83,Kirk Cousins,MIN,QB,35,8,8,216,311,2331,18,5,14,25,1.79,0,0,0,0,,0,7,4,0,,,150,149.7,161.7,154.7,,17,,CousKi00
84,Joe Burrow,CIN,QB,27,10,10,244,365,2309,15,6,31,88,2.84,0,0,0,0,,0,2,1,0,,,147,147.2,157.2,153.2,,18,,BurrJo01
85,Matthew Stafford,LAR,QB,35,10,10,208,342,2489,13,9,16,71,4.44,0,0,0,0,,0,0,0,0,1,1,145,144.7,156.7,153.7,,19,,StafMa00
86,Geno Smith,SEA,QB,33,11,11,236,361,2584,12,8,28,86,3.07,0,1,1,-2,-2.00,0,3,2,0,,1,142,142.8,155.8,150.3,,20,,SmitGe00
87,Justin Fields,CHI,QB,24,8,8,143,222,1587,12,6,77,400,5.19,1,0,0,0,,0,7,4,1,,,137,137.5,153.5,143.5,,21,,FielJu00
88,Derek Carr,NOR,QB,32,11,11,244,372,2535,10,5,21,40,1.90,0,0,0,0,,0,5,2,0,,1,133,133.4,143.4,138.4,,22,,CarrDe02
89,Desmond Ridder,ATL,QB,24,10,9,174,267,1908,7,8,39,180,4.62,4,1,1,-6,-6.00,0,7,6,4,,1,120,120.7,140.7,128.2,,23,,RiddDe00
90,Gardner Minshew II,IND,QB,27,11,7,187,297,1972,8,7,20,50,2.50,3,0,0,0,,0,6,4,3,,,112,111.9,125.9,118.9,,24,,MinsGa00
91,Kenny Pickett,PIT,QB,25,11,11,194,314,2000,6,4,39,51,1.31,1,0,0,0,,0,1,0,1,,,107,107.1,114.1,111.1,,25,,PickKe00
92,Mac Jones,NWE,QB,25,11,11,224,345,2120,10,12,26,96,3.69,0,0,0,0,,0,3,2,0,,,106,106.4,123.4,118.4,,26,,JoneMa05
93,Bryce Young,CAR,QB,22,10,10,216,350,1877,9,8,25,161,6.44,0,0,0,0,,0,6,4,0,,1,105,105.2,123.2,113.2,,27,,YounBr01
94,Zach Wilson,NYJ,QB,24,10,9,190,321,1944,6,7,33,199,6.03,0,0,0,0,,0,9,5,0,1,1,102,101.7,119.7,108.7,,28,,WilsZa00
95,Austin Ekeler,LAC,RB,28,8,8,0,0,0,0,0,112,428,3.82,4,44,29,286,9.86,1,3,3,5,,,95,124.4,133.4,109.9,,25,,EkelAu00
96,Najee Harris,PIT,RB,25,11,11,0,0,0,0,0,143,598,4.18,4,27,19,116,6.11,0,1,0,4,,,95,114.4,120.4,104.9,,26,,HarrNa00
97,Jaylen Warren,PIT,RB,25,11,0,0,0,0,0,0,93,542,5.83,3,45,37,247,6.68,0,2,1,3,,,95,131.9,138.9,113.4,,27,,WarrJa01
98,De'Von Achane,MIA,RB,22,5,2,0,0,0,0,0,39,461,11.82,5,12,10,71,7.10,2,1,1,7,,,93,103.2,107.2,98.2,,28,,AchaDe00
99,Alexander Mattison,MIN,RB,25,12,12,0,0,0,0,0,158,594,3.76,0,40,27,174,6.44,3,3,2,3,,,91,117.8,125.8,104.3,,29,,MattAl01
100,Deshaun Watson,CLE,QB,28,6,6,105,171,1115,7,4,26,142,5.46,1,0,0,0,,0,5,2,1,3,,87,86.8,98.8,90.8,,29,,WatsDe00
101,D.K. Metcalf,SEA,WR,26,10,10,0,0,0,0,0,0,0,,0,80,43,678,15.77,3,0,0,3,,,86,128.8,131.8,107.3,,30,,MetcDK00
102,George Pickens,PIT,WR,22,11,11,0,0,0,0,0,2,15,7.50,0,73,40,662,16.55,3,1,0,3,,,86,125.7,128.7,105.7,,31,,PickGe00
103,Romeo Doubs,GNB,WR,23,11,10,0,0,0,0,0,0,0,,0,69,41,433,10.56,7,0,0,7,,,85,126.3,129.3,105.8,,32,,DoubRo00
104,Zay Flowers,BAL,WR,23,12,12,0,0,0,0,0,8,56,7.00,1,80,58,613,10.57,2,0,0,3,,,85,142.9,145.9,113.9,,34,,FlowZa00
105,Deebo Samuel,SFO,WR,27,9,9,0,1,0,0,0,26,138,5.31,3,49,34,474,13.94,1,1,0,4,,,85,119.2,125.2,102.2,,33,,SamuDe00
106,Jonathan Taylor,IND,RB,24,7,5,0,0,0,0,0,100,414,4.14,4,19,16,137,8.56,1,0,0,5,,,85,101.1,107.1,93.1,,30,,TaylJo02
107,Marquise Brown,ARI,WR,26,12,12,0,0,0,0,0,2,23,11.50,0,98,51,574,11.25,4,0,0,4,,,84,134.7,137.7,109.2,,36,,BrowMa04
108,Tyler Lockett,SEA,WR,31,11,11,0,0,0,0,0,0,0,,0,79,54,575,10.65,4,0,0,4,1,,84,137.5,140.5,110.5,,37,,LockTy00
109,Garrett Wilson,NYJ,WR,23,11,11,0,1,0,0,0,1,6,6.00,0,113,64,695,10.86,3,2,2,3,,,84,148.1,153.1,116.1,,35,,WilsGa00
110,Rashee Rice,KAN,WR,23,11,4,0,0,0,0,0,1,-3,-3.00,0,56,44,527,11.98,5,0,0,5,,,82,126.4,129.4,104.4,,38,,RiceRa01
111,Javonte Williams,DEN,RB,23,10,9,0,0,0,0,0,140,538,3.84,0,34,26,131,5.04,2,0,0,2,1,,81,106.9,112.9,93.9,,31,,WillJa10
112,Rashid Shaheed,NOR,WR,25,11,5,0,0,0,0,0,6,33,5.50,0,55,33,534,16.18,3,1,1,4,,,79,111.7,115.7,95.2,,39,,ShahRa00
113,Devin Singletary,HOU,RB,26,11,4,1,1,6,1,0,120,489,4.08,2,22,18,113,6.28,0,0,0,2,,,76,94.4,100.4,85.4,,32,,SingDe00
114,Tyler Allgeier,ATL,RB,23,11,2,0,0,0,0,0,135,466,3.45,3,17,12,83,6.92,0,0,0,3,1,,75,86.9,89.9,80.9,,33,,AllgTy00
115,D'Onta Foreman,CHI,RB,27,7,6,0,0,0,0,0,92,381,4.14,4,13,9,55,6.11,1,1,0,5,,,74,82.6,85.6,78.1,,35,,ForeDO00
116,Chuba Hubbard,CAR,RB,24,11,6,0,0,0,0,0,118,453,3.84,2,32,28,165,5.89,0,1,0,2,,,74,101.8,107.8,87.8,,34,,HubbCh01
117,Justin Jefferson,MIN,WR,24,5,5,0,0,0,0,0,0,0,,0,53,36,571,15.86,3,1,1,3,,,73,109.1,113.1,91.1,,40,,JeffJu00
118,Anthony Richardson,IND,QB,21,4,4,50,84,577,3,1,25,136,5.44,4,0,0,0,,0,3,1,4,,2,73,72.7,80.7,73.7,,30,,RichAn03
119,Brandin Cooks,DAL,WR,30,10,9,0,0,0,0,0,3,23,7.67,0,48,33,452,13.70,4,1,0,4,,,72,104.5,107.5,88.0,,41,,CookBr00
120,Kareem Hunt,CLE,RB,28,9,2,0,0,0,0,0,89,286,3.21,6,12,9,59,6.56,0,0,0,6,,,71,79.5,82.5,75.0,,36,,HuntKa00
121,Tutu Atwell,LAR,WR,24,11,11,0,0,0,0,0,4,35,8.75,0,60,36,467,12.97,3,0,0,3,,1,70,106.2,109.2,88.2,,42,,AtweTu00
122,Chris Godwin,TAM,WR,27,11,11,0,1,0,0,0,1,14,14.00,0,82,53,606,11.43,1,0,0,1,1,,70,123.0,126.0,96.5,,43,,GodwCh00
123,AJ Dillon,GNB,RB,25,11,4,0,0,0,0,0,131,448,3.42,1,24,19,184,9.68,0,0,0,1,,,69,88.2,94.2,78.7,,37,,DillAJ00
124,Josh Downs,IND,WR,22,11,7,0,0,0,0,0,0,0,,0,73,48,566,11.79,2,0,0,2,,,69,116.6,119.6,92.6,,45,,DownJo00
125,Drake London,ATL,WR,22,10,10,1,1,22,0,0,0,0,,0,68,45,565,12.56,2,0,0,2,,,69,114.4,117.4,91.9,,44,,LondDr00
126,James Conner,ARI,RB,28,8,8,0,0,0,0,0,104,526,5.06,2,18,14,36,2.57,0,0,0,2,,,68,82.2,85.2,75.2,,38,,ConnJa00
127,Jahan Dotson,WAS,WR,23,12,11,0,0,0,0,0,0,0,,0,69,42,435,10.36,4,0,0,4,,,68,109.5,112.5,88.5,,46,,DotsJa00
128,Josh Reynolds,DET,WR,28,11,8,0,0,0,0,0,0,0,,0,41,27,438,16.22,4,1,1,4,,,66,92.8,96.8,79.3,,47,,ReynJo00
129,Jimmy Garoppolo,LVR,QB,32,6,6,110,168,1205,7,9,20,39,1.95,0,0,0,0,,0,1,0,0,,1,64,64.1,76.1,73.1,,31,,GaroJi00
130,Curtis Samuel,WAS,WR,27,11,8,0,0,0,0,0,4,20,5.00,1,63,47,443,9.43,2,0,0,3,,,64,111.3,114.3,87.8,,48,,SamuCu00
131,Kendrick Bourne,NWE,WR,28,8,5,0,0,0,0,0,1,4,4.00,0,55,37,406,10.97,4,1,1,4,,,63,100.0,104.0,81.5,,49,,BourKe00
132,Tommy DeVito,NYG,QB,25,5,3,66,105,697,7,3,21,83,3.95,1,0,0,0,,0,2,1,1,,,62,62.2,69.2,65.2,,32,,DeViTo00
133,Will Levis,TEN,QB,24,5,5,91,152,1042,6,2,15,12,0.80,0,0,0,0,,0,1,1,0,,,61,60.9,66.9,62.9,,33,,LeviWi00
134,Tyler Boyd,CIN,WR,29,11,10,0,0,0,0,0,1,6,6.00,0,72,50,462,9.24,2,0,0,2,,,59,108.8,111.8,83.8,,50,,BoydTy00
135,Ezekiel Elliott,NWE,RB,28,11,0,0,0,0,0,0,95,377,3.97,2,26,20,114,5.70,0,1,1,2,,,59,79.1,86.1,69.1,,39,,ElliEz00
136,Kyler Murray,ARI,QB,26,3,3,66,107,719,2,2,14,86,6.14,3,0,0,0,,0,1,0,3,,,59,59.4,64.4,61.4,,34,,MurrKy00
137,Aaron Jones,GNB,RB,29,7,7,0,0,0,0,0,66,245,3.71,2,30,19,169,8.89,1,2,1,3,,,57,76.4,83.4,66.9,,40,,JoneAa00
138,Daniel Jones,NYG,QB,26,6,6,108,160,909,2,6,40,206,5.15,1,0,0,0,,0,4,1,1,,,57,57.0,70.0,63.0,,35,,JoneDa05
139,Logan Thomas,WAS,TE,32,11,11,0,0,0,0,0,1,2,2.00,0,62,45,424,9.42,3,2,2,3,,,57,101.6,106.6,79.1,,13,,ThomLo00
140,Latavius Murray,BUF,RB,33,12,4,0,0,0,0,0,70,280,4.00,3,20,16,98,6.13,0,0,0,3,,,56,71.8,74.8,63.8,,41,,MurrLa00
141,Michael Wilson,ARI,WR,23,9,8,0,0,0,0,0,0,0,,0,39,28,435,15.54,2,0,0,2,,,56,83.5,86.5,69.5,,51,,WilsMi02
142,Aidan O'Connell,LVR,QB,25,6,5,113,178,1194,4,6,6,9,1.50,1,0,0,0,,0,4,2,1,,,55,54.7,65.7,60.7,,36,,OConAi00
143,Jaleel McLaughlin,DEN,RB,23,11,1,0,0,0,0,0,47,281,5.98,1,21,19,83,4.37,2,0,0,3,,,54,73.4,76.4,63.9,,42,,McLaJa00
144,K.J. Osborn,MIN,WR,26,11,10,0,0,0,0,0,0,0,,0,55,36,418,11.61,2,1,0,2,,,54,89.8,92.8,71.8,,52,,OsboKJ00
145,Tyson Bagent,CHI,QB,23,5,4,94,143,859,3,6,23,109,4.74,2,0,0,0,,0,3,2,2,,,53,53.3,67.3,59.3,,37,,BageTy00
146,Dallas Goedert,PHI,TE,28,9,9,0,0,0,0,0,0,0,,0,52,38,410,10.79,2,0,0,2,,,53,91.0,94.0,72.0,,14,,GoedDa00
147,Rondale Moore,ARI,WR,23,12,5,0,0,0,0,0,23,156,6.78,1,45,28,254,9.07,1,0,0,2,,,53,81.0,87.0,67.0,,53,,MoorRo02
148,Cade Otton,TAM,TE,24,11,11,0,0,0,0,0,0,0,,0,50,38,348,9.16,3,1,1,3,1,,53,90.8,94.8,71.8,,15,,OttoCa00
149,Samaje Perine,DEN,RB,28,11,1,0,0,0,0,0,36,173,4.81,1,37,33,337,10.21,0,3,2,1,,,53,86.0,94.0,69.5,,43,,PeriSa00
150,Khalil Shakir,BUF,WR,23,12,6,0,0,0,0,0,0,0,,0,30,25,410,16.40,2,1,0,2,,,53,78.0,81.0,65.5,,54,,ShakKh00
151,Jaxon Smith-Njigba,SEA,WR,21,11,2,0,0,0,0,0,0,0,,0,57,38,406,10.68,2,0,0,2,,,53,90.6,93.6,71.6,,56,,SmitJa06
152,Christian Watson,GNB,WR,24,8,8,0,0,0,0,0,2,-4,-2.00,0,44,21,351,16.71,3,0,0,3,,,53,73.7,76.7,63.2,,55,,WatsCh00
153,Antonio Gibson,WAS,RB,25,11,0,0,0,0,0,0,36,158,4.39,0,39,33,285,8.64,2,3,2,2,,,52,85.3,93.3,68.8,,44,,GibsAn00
154,Justice Hill,BAL,RB,26,11,4,0,0,0,0,0,66,290,4.39,3,18,16,73,4.56,0,1,1,3,,,52,68.3,72.3,60.3,,45,,HillJu00
155,Jonnu Smith,ATL,TE,28,11,3,0,1,0,0,0,1,0,0.00,0,45,35,423,12.09,2,1,1,2,,,52,87.3,91.3,69.8,,16,,SmitJo01
156,Odell Beckham Jr.,BAL,WR,31,10,5,0,0,0,0,0,0,0,,0,47,27,408,15.11,2,1,1,2,,,51,77.8,81.8,64.3,,57,,BeckOd00
157,Ryan Tannehill,TEN,QB,35,6,6,98,158,1128,2,6,12,40,3.33,1,0,0,0,,0,3,0,1,,,51,51.1,60.1,57.1,,38,,TannRy00
158,Michael Thomas,NOR,WR,30,10,7,0,0,0,0,0,0,0,,0,64,39,448,11.49,1,0,0,1,,,51,89.8,92.8,70.3,,58,,ThomMi05
159,Noah Brown,HOU,WR,27,5,2,0,0,0,0,0,1,-1,-1.00,0,28,21,439,20.90,1,0,0,1,,,50,70.8,73.8,60.3,,60,,BrowNo00
160,Rico Dowdle,DAL,RB,25,11,0,0,0,0,0,0,58,246,4.24,1,11,10,69,6.90,2,0,0,3,,,50,59.5,62.5,54.5,,47,,DowdRi01
161,Evan Engram,JAX,TE,29,11,10,0,0,0,0,0,0,0,,0,82,64,524,8.19,0,2,1,0,,,50,114.4,118.4,82.4,,17,,EngrEv00
162,Jerry Jeudy,DEN,WR,24,10,7,0,0,0,0,0,0,0,,0,53,37,440,11.89,1,1,0,1,,,50,87.0,90.0,68.5,,59,,JeudJe00
163,Joshua Kelley,LAC,RB,26,11,3,0,0,0,0,0,88,360,4.09,2,8,5,17,3.40,0,0,0,2,,,50,54.7,57.7,52.2,,46,,KellJo01
164,Kyle Pitts,ATL,TE,23,11,9,0,0,0,0,0,1,-4,-4.00,0,60,37,441,11.92,1,0,0,1,,,50,86.7,89.7,68.2,,18,,PittKy00
165,Darius Slayton,NYG,WR,26,12,8,0,0,0,0,0,0,0,,0,53,32,435,13.59,1,0,0,1,,,50,81.5,84.5,65.5,,61,,SlayDa01
166,Khalil Herbert,CHI,RB,25,7,6,0,0,0,0,0,73,331,4.53,0,23,14,103,7.36,1,1,1,1,1,,49,63.4,70.4,56.4,,48,,HerbKh00
167,Dameon Pierce,HOU,RB,23,8,7,0,0,0,0,0,114,341,2.99,1,13,10,88,8.80,0,0,0,1,,,49,58.9,61.9,53.9,,50,,PierDa01
168,Kalif Raymond,DET,WR,29,11,3,0,0,0,0,0,5,58,11.60,0,34,26,372,14.31,1,0,0,1,,,49,75.0,78.0,62.0,,62,,RaymKa00
169,Tyjae Spears,TEN,RB,22,11,0,0,0,0,0,0,50,254,5.08,1,40,29,179,6.17,0,0,0,1,,,49,78.3,84.3,63.8,,49,,SpeaTy00
170,Hunter Henry,NWE,TE,29,11,8,0,0,0,0,0,0,0,,0,45,30,298,9.93,3,1,0,3,,,48,77.8,80.8,62.8,,19,,HenrHu00
171,Cooper Kupp,LAR,WR,30,7,7,0,0,0,0,0,0,0,,0,51,27,393,14.56,1,0,0,1,1,,47,74.3,77.3,60.8,,63,,KuppCo00
172,Nelson Agholor,BAL,WR,30,12,2,0,0,0,0,0,0,0,,0,28,20,282,14.10,3,1,0,3,,,46,66.2,69.2,56.2,,64,,AghoNe00
173,Keaton Mitchell,BAL,RB,21,6,1,0,0,0,0,0,29,269,9.28,2,7,6,70,11.67,0,0,0,2,,,46,51.9,54.9,48.9,,51,,MitcKe01
174,Nick Westbrook-Ikhine,TEN,WR,26,11,6,0,0,0,0,0,0,0,,0,36,24,281,11.71,3,0,0,3,,,46,70.1,73.1,58.1,,65,,WestNi00
175,Tyler Higbee,LAR,TE,30,11,11,0,0,0,0,0,0,0,,0,51,32,332,10.38,2,0,0,2,,,45,77.2,80.2,61.2,,20,,HigbTy00
176,Tee Higgins,CIN,WR,24,7,6,0,0,0,0,0,0,0,,0,51,27,328,12.15,2,0,0,2,,,45,71.8,74.8,58.3,,67,,HiggTe00
177,Diontae Johnson,PIT,WR,27,7,7,0,0,0,0,0,0,0,,0,55,30,385,12.83,1,0,0,1,,,45,74.5,77.5,59.5,,68,,JohnDi01
178,Elijah Moore,CLE,WR,23,11,7,0,0,0,0,0,9,11,1.22,0,73,43,418,9.72,1,2,2,1,,,45,87.9,92.9,66.4,,66,,MoorEl00
179,DJ Chark,CAR,WR,27,9,5,0,0,0,0,0,0,0,,0,38,20,263,13.15,3,0,0,3,,,44,64.3,67.3,54.3,,69,,CharDJ00
180,Miles Sanders,CAR,RB,26,10,5,0,0,0,0,0,97,302,3.11,1,33,21,120,5.71,0,2,2,1,,,44,65.2,73.2,54.7,,52,,SandMi01
181,Darren Waller,NYG,TE,31,8,8,0,0,0,0,0,0,0,,0,51,36,384,10.67,1,0,0,1,,,44,80.4,83.4,62.4,,21,,WallDa01
182,KaVontae Turpin,DAL,WR,27,10,0,0,0,0,0,0,8,79,9.88,1,13,10,113,11.30,3,1,0,4,,,43,53.2,56.2,48.2,,70,,TurpKa00
183,Justin Watson,KAN,WR,27,10,4,0,0,0,0,0,0,0,,0,39,20,332,16.60,2,1,1,2,,,43,63.2,67.2,53.2,,71,,WatsJu01
184,Demario Douglas,NWE,WR,23,10,4,0,0,0,0,0,4,29,7.25,0,55,36,410,11.39,0,3,1,0,,,42,77.9,81.9,59.9,,72,,DougDe00
185,Michael Gallup,DAL,WR,27,11,10,0,0,0,0,0,0,0,,0,46,28,357,12.75,1,0,0,1,,,42,69.7,72.7,55.7,,73,,GallMi00
186,Roschon Johnson,CHI,RB,22,10,0,0,0,0,0,0,54,232,4.30,1,28,24,131,5.46,0,1,0,1,,,42,66.3,72.3,54.3,,53,,JohnRo07
187,Darnell Mooney,CHI,WR,26,12,12,0,0,0,0,0,2,5,2.50,0,42,25,351,14.04,1,0,0,1,,,42,66.6,69.6,54.1,,75,,MoonDa00
188,Josh Palmer,LAC,WR,24,7,4,0,0,0,0,0,0,0,,0,39,23,377,16.39,1,1,1,1,,,42,64.7,68.7,53.2,,74,,PalmJo00
189,Donald Parham,LAC,TE,26,11,7,0,0,0,0,0,0,0,,0,29,19,179,9.42,4,0,0,4,,,42,60.9,63.9,51.4,,22,,ParhDo00
190,Zach Charbonnet,SEA,RB,22,10,1,0,0,0,0,0,67,308,4.60,0,27,23,103,4.48,0,0,0,0,,,41,64.1,70.1,52.6,,55,,CharZa00
191,Tyler Conklin,NYJ,TE,28,11,7,0,0,0,0,0,0,0,,0,50,39,414,10.62,0,0,0,0,,,41,80.4,83.4,60.9,,23,,ConkTy00
192,Royce Freeman,LAR,RB,27,8,0,0,0,0,0,0,63,292,4.63,2,1,0,0,,0,0,0,2,,,41,41.2,44.2,41.2,,54,,FreeRo00
193,Kenneth Gainwell,PHI,RB,24,10,1,0,0,0,0,0,57,202,3.54,2,22,18,88,4.89,0,2,1,2,1,,41,59.0,63.0,50.0,,56,,GainKe00
194,Tyrod Taylor,NYG,QB,34,7,3,57,87,579,2,0,22,98,4.45,0,0,0,0,,0,2,0,0,,,41,41.0,44.0,41.0,,39,,TaylTy00
195,Luke Musgrave,GNB,TE,23,10,9,0,0,0,0,0,0,0,,0,45,33,341,10.33,1,0,0,1,,,40,73.1,76.1,56.6,,24,,MusgLu00
196,Gerald Everett,LAC,TE,29,9,6,0,0,0,0,0,2,4,2.00,0,31,25,210,8.40,3,2,0,3,,,39,64.4,67.4,51.9,,25,,EverGe00
197,Marvin Mims,DEN,WR,21,11,3,0,0,0,0,0,6,10,1.67,0,21,15,282,18.80,1,1,1,2,,,39,54.2,58.2,46.7,,76,,MimsMa00
198,Robert Woods,HOU,WR,31,9,9,0,0,0,0,0,0,0,,0,57,30,326,10.87,1,0,0,1,,,39,68.6,71.6,53.6,,77,,WoodRo02
199,Dontayvion Wicks,GNB,WR,22,10,2,1,1,14,0,0,1,1,1.00,0,32,20,331,16.55,1,2,1,1,,,38,57.8,61.8,47.8,,78,,WickDo00
200,Taylor Heinicke,ATL,QB,30,3,2,41,74,498,3,1,9,68,7.56,0,0,0,0,,0,0,0,0,,,37,36.7,40.7,37.7,,40,,HeinTa00
201,Jerick McKinnon,KAN,RB,31,10,0,0,0,0,0,0,13,30,2.31,0,26,19,155,8.16,3,0,0,3,,,37,55.5,58.5,46.0,,57,,McKiJe00
202,Cam Akers,2TM,RB,24,7,1,0,0,0,0,0,60,167,2.78,2,12,11,70,6.36,0,0,0,2,,,36,46.7,49.7,41.2,,58,,AkerCa00
203,Jake Bobo,SEA,WR,25,11,0,0,0,0,0,0,1,3,3.00,1,18,14,162,11.57,2,0,0,3,,,35,48.5,51.5,41.5,,82,,BoboJa00
204,Allen Lazard,NYJ,WR,28,10,10,0,0,0,0,0,0,0,,0,41,20,290,14.50,1,0,0,1,,,35,55.0,58.0,45.0,,81,,LazaAl00
205,Trey Palmer,TAM,WR,22,11,3,0,0,0,0,0,1,6,6.00,0,43,25,227,9.08,2,1,0,2,,,35,60.3,63.3,47.8,,79,,PalmTr00
206,Wan'Dale Robinson,NYG,WR,22,10,4,0,0,0,0,0,6,27,4.50,0,45,36,265,7.36,1,0,0,1,,,35,71.2,74.2,53.2,,80,,RobiWa01
207,Darrell Henderson,LAR,RB,26,4,4,0,0,0,0,0,46,112,2.43,2,14,10,103,10.30,0,0,0,2,,,34,43.5,49.5,38.5,,59,,HendDa00
208,Emari Demercado,ARI,RB,24,9,2,0,0,0,0,0,52,210,4.04,1,16,12,64,5.33,0,0,0,1,,,33,45.4,48.4,39.4,,60,,DemeEm00
209,Jalin Hyatt,NYG,WR,22,12,3,0,0,0,0,0,0,0,,0,28,17,330,19.41,0,1,0,0,,,33,50.0,53.0,41.5,,83,,HyatJa00
210,Michael Mayer,LVR,TE,22,12,10,0,0,0,0,0,0,0,,0,33,22,251,11.41,1,0,0,1,1,,33,55.1,58.1,44.1,,26,,MayeMi00
211,Brandon Powell,MIN,WR,28,12,2,0,0,0,0,0,5,17,3.40,0,34,25,269,10.76,1,1,1,1,,,33,57.6,61.6,45.1,,84,,PoweBr00
212,Chris Moore,TEN,WR,30,11,3,0,0,0,0,0,2,39,19.50,0,20,12,280,23.33,0,1,0,0,,,32,43.9,46.9,37.9,,86,,MoorCh00
213,Skyy Moore,KAN,WR,23,11,6,0,0,0,0,0,3,23,7.67,0,35,20,239,11.95,1,0,0,1,,,32,52.2,55.2,42.2,,85,,MoorSk01
214,Rashod Bateman,BAL,WR,24,11,7,0,0,0,0,0,1,18,18.00,0,36,22,236,10.73,1,0,0,1,,,31,53.4,56.4,42.4,,87,,BateRa00
215,Ty Chandler,MIN,RB,25,12,0,0,0,0,0,0,37,168,4.54,1,12,10,83,8.30,0,0,0,1,,,31,41.1,44.1,36.1,,61,,ChanTy01
216,Noah Gray,KAN,TE,24,11,7,0,0,0,0,0,1,1,1.00,0,28,21,244,11.62,1,0,0,1,,,31,51.5,54.5,41.0,,27,,GrayNo00
217,Mike Williams,LAC,WR,29,3,3,0,0,0,0,0,1,3,3.00,0,26,19,249,13.11,1,0,0,1,,,31,50.2,53.2,40.7,,88,,WillMi07
218,Pat Freiermuth,PIT,TE,25,6,6,0,0,0,0,0,0,0,,0,25,18,180,10.00,2,0,0,2,,,30,48.0,51.0,39.0,,28,,FreiPa00
219,Brandon Johnson,DEN,WR,25,7,2,0,0,0,0,0,0,0,,0,13,8,122,15.25,3,0,0,3,,,30,38.2,41.2,34.2,,90,,JohnBr23
220,Jameson Williams,DET,WR,22,7,5,0,0,0,0,0,0,0,,0,23,12,184,15.33,2,0,0,2,,,30,42.4,45.4,36.4,,89,,WillJa11
221,Jonathan Mingo,CAR,WR,22,10,9,0,0,0,0,0,0,0,,0,57,28,286,10.21,0,0,0,0,,,29,56.6,59.6,42.6,,94,,MingJo00
222,Alec Pierce,IND,WR,23,11,11,0,0,0,0,0,0,0,,0,39,22,291,13.23,0,0,0,0,,,29,51.1,54.1,40.1,,91,,PierAl00
223,Marquez Valdes-Scantling,KAN,WR,29,11,9,0,0,0,0,0,0,0,,0,28,15,248,16.53,1,1,1,1,,,29,43.8,47.8,36.3,,93,,ValdMa00
224,Cedrick Wilson Jr.,MIA,WR,28,9,0,0,0,0,0,0,0,0,,0,19,12,171,14.25,2,0,0,2,,,29,41.1,44.1,35.1,,92,,WilsCe01
225,Trenton Irwin,CIN,WR,28,10,4,0,0,0,0,0,0,0,,0,23,17,216,12.71,1,2,0,1,,,28,44.6,47.6,36.1,,95,,IrwiTr00
226,Salvon Ahmed,MIA,RB,25,8,0,0,0,0,0,0,22,61,2.77,1,23,16,88,5.50,1,0,0,2,,,27,42.9,42.9,34.9,,62,,AhmeSa01
227,Braxton Berrios,MIA,WR,28,10,1,0,0,0,0,0,1,11,11.00,0,26,20,194,9.70,1,1,0,1,,,27,46.5,49.5,36.5,,96,,BerrBr00
228,Andrew Ogletree,IND,TE,25,8,6,0,0,0,0,0,0,0,,0,17,9,147,16.33,2,0,0,2,,,27,35.7,38.7,31.2,,29,,OgleAn00
229,Calvin Austin,PIT,WR,24,11,1,0,0,0,0,0,8,30,3.75,0,27,16,170,10.63,1,0,0,1,,,26,42.0,45.0,34.0,,97,,AustCa00
230,Matt Breida,NYG,RB,28,12,4,0,0,0,0,0,50,125,2.50,1,17,14,74,5.29,0,1,0,1,,,26,39.9,42.9,32.9,,63,,BreiMa00
231,Noah Fant,SEA,TE,26,11,11,0,0,0,0,0,0,0,,0,24,19,261,13.74,0,0,0,0,,,26,45.1,48.1,35.6,,31,,FantNo00
232,Chigoziem Okonkwo,TEN,TE,24,11,7,0,0,0,0,0,1,4,4.00,0,48,32,251,7.84,0,0,0,0,,,26,57.5,60.5,41.5,,32,,OkonCh00
233,Tommy Tremble,CAR,TE,23,11,3,0,0,0,0,0,0,0,,0,16,13,84,6.46,3,0,0,3,,,26,39.4,39.4,32.9,,30,,TremTo00
234,Zach Ertz,ARI,TE,33,7,7,0,0,0,0,0,0,0,,0,43,27,187,6.93,1,0,0,1,,,25,51.7,54.7,38.2,,33,,ErtzZa00
235,Isaiah Hodgins,NYG,WR,25,12,8,0,0,0,0,0,0,0,,0,25,15,154,10.27,2,1,1,2,,,25,40.4,44.4,32.9,,98,,HodgIs00
236,Mack Hollins,ATL,WR,30,9,3,0,0,0,0,0,0,0,,0,29,17,247,14.53,0,0,0,0,,,25,41.7,44.7,33.2,,100,,HollMa00
237,Quentin Johnston,LAC,WR,22,11,5,0,0,0,0,0,1,2,2.00,0,37,21,190,9.05,1,0,0,1,,,25,46.2,49.2,35.7,,99,,JohnQu02
238,Tony Jones,2TM,RB,26,7,1,0,0,0,0,0,26,95,3.65,2,10,7,37,5.29,0,0,0,2,,,25,32.2,32.2,28.7,,64,,JoneTo04
239,Jordan Mason,SFO,RB,24,11,0,0,0,0,0,0,21,117,5.57,2,2,1,13,13.00,0,0,0,2,,,25,26.0,29.0,25.5,,66,,MasoJo00
240,Craig Reynolds,DET,RB,27,11,0,0,0,0,0,0,41,179,4.37,1,5,5,47,9.40,0,2,2,1,,,25,29.6,34.6,27.1,,67,,ReynCr00
241,Pierre Strong,CLE,RB,25,11,0,0,0,0,0,0,35,153,4.37,1,4,3,38,12.67,0,0,0,1,,,25,28.1,31.1,26.6,,65,,StroPi00
242,Adam Trautman,DEN,TE,26,11,8,0,0,0,0,0,0,0,,0,23,16,125,7.81,2,0,0,2,,,25,40.5,43.5,32.5,,34,,TrauAd00
243,Andy Dalton,CAR,QB,36,3,1,34,58,361,2,0,3,12,4.00,0,0,0,0,,0,0,0,0,,,24,23.6,26.6,23.6,,41,,DaltAn00
244,Mike Gesicki,NWE,TE,28,11,6,0,0,0,0,0,0,0,,0,32,21,182,8.67,1,0,0,1,,,24,45.2,48.2,34.7,,36,,GesiMi00
245,Kylen Granson,IND,TE,25,9,3,0,0,0,0,0,0,0,,0,31,17,175,10.29,1,0,0,1,,,24,40.5,43.5,32.0,,37,,GranKy00
246,Hayden Hurst,CAR,TE,30,9,8,0,0,0,0,0,0,0,,0,32,18,184,10.22,1,0,0,1,,,24,42.4,45.4,33.4,,35,,HursHa00
247,Olamide Zaccheaus,PHI,WR,26,11,1,0,0,0,0,0,0,0,,0,14,7,116,16.57,2,0,0,2,,,24,30.6,33.6,27.1,,101,,ZaccOl01
248,Dyami Brown,WAS,WR,24,12,1,0,0,0,0,0,1,0,0.00,0,21,11,168,15.27,1,0,0,1,,,23,33.8,36.8,28.3,,102,,BrowDy00
249,Jake Browning,CIN,QB,27,3,1,27,41,295,2,1,8,48,6.00,0,0,0,0,,0,1,0,0,,,23,22.6,23.6,23.6,,42,,BrowJa08
250,Pharaoh Brown,NWE,TE,29,11,6,0,0,0,0,0,0,0,,0,7,7,170,24.29,1,0,0,1,,,23,30.0,33.0,26.5,,38,,BrowPh01
251,Clyde Edwards-Helaire,KAN,RB,24,10,1,0,0,0,0,0,38,134,3.53,1,7,6,36,6.00,0,0,0,1,,,23,29.0,32.0,26.0,,68,,EdwaCl00
252,Darrynton Evans,2TM,RB,25,6,0,0,0,0,0,0,32,121,3.78,1,12,7,49,7.00,0,0,0,1,,,23,30.0,33.0,26.5,,69,,EvanDa02
253,Zay Jones,JAX,WR,28,5,3,0,0,0,0,0,0,0,,0,25,13,108,8.31,2,0,0,2,,,23,35.8,38.8,29.3,,103,,JoneZa00
254,Josh Oliver,MIN,TE,26,12,9,0,0,0,0,0,0,0,,0,18,16,118,7.38,2,1,1,2,,,22,37.8,41.8,29.8,,39,,OlivJo00
255,JuJu Smith-Schuster,NWE,WR,27,9,5,0,0,0,0,0,0,0,,0,38,24,159,6.63,1,0,0,1,,,22,45.9,48.9,33.9,,106,,SmitJu00
256,Jalen Tolbert,DAL,WR,24,11,4,0,0,0,0,0,0,0,,0,28,16,183,11.44,1,1,1,1,,,22,38.3,42.3,30.3,,105,,TolbJa00
257,Tre Tucker,LVR,WR,22,11,0,0,0,0,0,0,7,63,9.00,0,18,8,161,20.13,0,0,0,0,,,22,30.4,33.4,26.4,,104,,TuckTr00
258,Dalvin Cook,NYJ,RB,28,11,0,0,0,0,0,0,50,162,3.24,0,16,12,66,5.50,0,1,1,0,,,21,32.8,36.8,26.8,,70,,CookDa01
259,Jamison Crowder,WAS,WR,30,12,0,0,0,0,0,0,0,0,,0,18,15,151,10.07,1,1,0,1,,,21,36.1,39.1,28.6,,107,,CrowJa00
260,D'Ernest Johnson,JAX,RB,27,11,0,0,0,0,0,0,26,86,3.31,0,8,7,119,17.00,0,0,0,0,,,21,27.5,30.5,24.0,,71,,JohnDE04
261,Hunter Renfrow,LVR,WR,28,12,3,0,0,0,0,0,0,0,,0,29,22,209,9.50,0,0,0,0,,,21,42.9,45.9,31.9,,108,,RenfHu00
262,Kadarius Toney,KAN,WR,24,10,2,0,1,0,0,0,8,9,1.13,0,30,22,139,6.32,1,1,0,1,,,21,42.8,45.8,31.8,,109,,ToneKa00
263,KhaDarel Hodge,ATL,WR,28,11,2,0,0,0,0,0,1,0,0.00,0,15,11,199,18.09,0,1,0,0,,,20,30.9,33.9,25.4,,112,,HodgKh00
264,Jauan Jennings,SFO,WR,26,10,2,0,0,0,0,0,0,0,,0,26,14,196,14.00,0,0,0,0,,,20,33.6,36.6,26.6,,113,,JennJa00
265,Juwan Johnson,NOR,TE,27,7,7,0,0,0,0,0,0,0,,0,29,18,142,7.89,1,0,0,1,,,20,38.2,41.2,29.2,,40,,JohnJu02
266,Scott Miller,ATL,WR,26,11,0,0,0,0,0,0,0,0,,0,10,8,80,10.00,2,0,0,2,,,20,28.0,28.0,24.0,,110,,MillSc01
267,DeVante Parker,NWE,WR,30,8,8,0,0,0,0,0,0,0,,0,30,18,200,11.11,0,0,0,0,,,20,38.0,41.0,29.0,,111,,ParkDe01
268,Drew Sample,CIN,TE,27,11,5,0,0,0,0,0,0,0,,0,14,11,82,7.45,2,0,0,2,,,20,31.2,31.2,25.7,,41,,SampDr00
269,Dorian Thompson-Robinson,CLE,QB,24,5,3,58,109,429,1,4,12,65,5.42,0,0,0,0,,0,2,0,0,,,20,19.7,26.7,23.7,,44,,ThomDo02
270,P.J. Walker,CLE,QB,28,6,2,54,111,674,1,5,13,30,2.31,0,0,0,0,,0,4,2,0,,,20,20.0,30.0,25.0,,43,,WalkPh00
271,Nick Chubb,CLE,RB,28,2,2,0,0,0,0,0,28,170,6.07,0,4,4,21,5.25,0,0,0,0,,,19,23.1,26.1,21.1,,73,,ChubNi00
272,Tanner Hudson,CIN,TE,29,6,1,0,0,0,0,0,0,0,,0,27,22,193,8.77,0,0,0,0,,,19,41.3,44.3,30.3,,42,,HudsTa00
273,Kyle Juszczyk,SFO,RB,32,11,10,0,0,0,0,0,5,6,1.20,0,10,8,65,8.13,2,0,0,2,,,19,27.1,27.1,23.1,,74,,JuszKy00
274,Kendre Miller,NOR,RB,21,7,0,0,0,0,0,0,28,83,2.96,0,10,9,111,12.33,0,0,0,0,,,19,28.4,31.4,23.9,,72,,MillKe01
275,Allen Robinson,PIT,WR,30,11,11,0,0,0,0,0,0,0,,0,35,23,185,8.04,0,0,0,0,,,19,41.5,44.5,30.0,,114,,RobiAl02
276,Derius Davis,LAC,WR,23,11,0,0,0,0,0,0,9,74,8.22,0,13,12,44,3.67,0,2,0,1,,,18,29.8,29.8,23.8,,115,,DaviDe02
277,Dawson Knox,BUF,TE,27,7,7,0,0,0,0,0,0,0,,0,28,15,102,6.80,1,0,0,1,1,,18,33.2,36.2,25.7,,43,,KnoxDa00
278,Foster Moreau,NOR,TE,26,9,5,0,0,0,0,0,0,0,,0,12,11,115,10.45,1,0,0,1,,,18,28.5,31.5,23.0,,45,,MoreFo00
279,Durham Smythe,MIA,TE,28,10,9,0,0,0,0,0,0,0,,0,25,18,178,9.89,0,0,0,0,,,18,35.8,38.8,26.8,,44,,SmytDu00
280,Robbie Chosen,MIA,WR,30,5,0,0,0,0,0,0,0,0,,0,4,3,107,35.67,1,0,0,1,,,17,19.7,22.7,18.2,,119,,AndeRo04
281,Tank Bigsby,JAX,RB,22,11,0,0,0,0,0,0,36,86,2.39,2,4,1,6,6.00,0,2,2,2,,,17,18.2,20.2,17.7,,75,,BigsTa00
282,Greg Dortch,ARI,WR,25,11,1,0,0,0,0,0,0,0,,0,19,10,105,10.50,1,0,0,1,,,17,26.5,29.5,21.5,,120,,DortGr01
283,Damien Harris,BUF,RB,26,6,0,0,0,0,0,0,23,94,4.09,1,2,2,16,8.00,0,0,0,1,,,17,19.0,19.0,18.0,,76,,HarrDa06
284,Deonte Harty,BUF,WR,26,11,1,0,0,0,0,0,4,0,0.00,0,19,13,113,8.69,1,1,0,1,,,17,30.3,33.3,23.8,,116,,HarrDe07
285,Van Jefferson,2TM,WR,27,11,7,0,0,0,0,0,1,4,4.00,0,31,14,164,11.71,0,0,0,0,,,17,30.8,33.8,23.8,,117,,JeffVa00
286,Luke Schoonmaker,DAL,TE,25,11,0,0,0,0,0,0,0,0,,0,13,6,49,8.17,2,0,0,2,,,17,22.9,22.9,19.9,,46,,SchoLu00
287,Deven Thompkins,TAM,WR,24,11,1,0,0,0,0,0,5,50,10.00,0,21,14,78,5.57,1,3,1,1,,,17,30.8,31.8,23.8,,118,,ThomDe07
288,Jamaal Williams,NOR,RB,28,7,2,0,0,0,0,0,47,137,2.91,0,9,8,28,3.50,0,1,0,0,,,17,24.5,27.5,20.5,,77,,WillJa06
289,Mo Alie-Cox,IND,TE,30,11,4,0,0,0,0,0,0,0,,0,10,6,102,17.00,1,0,0,1,,,16,22.2,25.2,19.2,,47,,AlieMo00
290,Andrei Iosivas,CIN,WR,24,10,0,0,0,0,0,0,0,0,,0,8,5,39,7.80,2,0,0,2,,,16,20.9,20.9,18.4,,121,,IosiAn00
291,Daniel Bellinger,NYG,TE,23,12,10,0,0,0,0,0,0,0,,0,15,13,145,11.15,0,0,0,0,,,15,27.5,30.5,21.0,,51,,BellDa00
292,River Cracraft,MIA,WR,29,5,1,0,0,0,0,0,0,0,,0,8,6,87,14.50,1,0,0,1,,,15,20.7,20.7,17.7,,122,,CracRi00
293,Connor Heyward,PIT,TE,24,11,3,0,0,0,0,0,1,0,0.00,0,28,19,148,7.79,0,0,0,0,,,15,33.8,36.8,24.3,,50,,HeywCo00
294,Austin Hooper,LVR,TE,29,12,5,0,0,0,0,0,0,0,,0,18,15,149,9.93,0,0,0,0,,,15,29.9,32.9,22.4,,49,,HoopAu00
295,Colby Parkinson,SEA,TE,24,11,1,0,0,0,0,0,0,0,,0,20,14,150,10.71,0,0,0,0,,,15,29.0,32.0,22.0,,48,,ParkCo02
296,Kyle Philips,TEN,WR,24,7,0,0,0,0,0,0,0,0,,0,19,13,166,12.77,0,1,1,0,,,15,27.6,31.6,21.1,,123,,PhilKy01
297,Jeff Wilson,MIA,RB,28,4,0,0,0,0,0,0,18,85,4.72,0,10,9,67,7.44,0,0,0,0,,,15,24.2,24.2,19.7,,78,,WilsJe01
298,Treylon Burks,TEN,WR,23,5,5,0,0,0,0,0,2,14,7.00,0,18,8,122,15.25,0,0,0,0,,,14,21.6,24.6,17.6,,124,,BurkTr00
299,Michael Carter,2TM,RB,24,10,0,0,0,0,0,0,12,57,4.75,0,24,19,83,4.37,0,0,0,0,,,14,33.0,33.0,23.5,,80,,CartMi03
300,Xavier Gipson,NYJ,WR,22,11,1,0,0,0,0,0,4,34,8.50,0,11,7,82,11.71,0,4,2,1,,,14,20.6,22.6,17.1,,125,,GipsXa00
301,Ty Johnson,BUF,RB,26,6,0,0,0,0,0,0,10,32,3.20,0,3,3,47,15.67,1,0,0,1,,,14,16.9,16.9,15.4,,81,,JohnTy02
302,Ray-Ray McCloud,SFO,WR,27,11,1,0,0,0,0,0,2,23,11.50,0,11,9,113,12.56,0,1,0,0,,,14,22.6,25.6,18.1,,126,,McClRa00
303,Elijah Mitchell,SFO,RB,25,8,0,0,0,0,0,0,41,136,3.32,0,6,4,-1,-0.25,0,0,0,0,,,14,17.5,20.5,15.5,,82,,MitcEl00
304,Cordarrelle Patterson,ATL,RB,32,8,0,0,0,0,0,0,25,119,4.76,0,5,5,23,4.60,0,0,0,0,,,14,19.2,22.2,16.7,,79,,PattCo00
305,Byron Pringle,WAS,WR,30,12,1,0,0,0,0,0,0,0,,0,18,13,156,12.00,0,1,1,0,,,14,26.6,30.6,20.1,,127,,PrinBy00
306,Stone Smartt,LAC,TE,25,11,3,0,0,0,0,0,0,0,,0,11,3,80,26.67,1,0,0,1,,,14,17.0,17.0,15.5,,52,,SmarSt00
307,Irv Smith Jr.,CIN,TE,25,9,5,0,0,0,0,0,0,0,,0,23,16,97,6.06,1,1,1,1,,,14,29.7,30.7,21.7,,54,,SmitIr01
308,Josh Whyle,TEN,TE,24,10,3,0,0,0,0,0,0,0,,0,13,8,78,9.75,1,0,0,1,,,14,21.8,21.8,17.8,,53,,WhylJo01
309,Brock Wright,DET,TE,25,11,3,0,0,0,0,0,0,0,,0,11,10,77,7.70,1,0,0,1,,,14,23.7,23.7,18.7,,55,,WrigBr01
310,John Bates,WAS,TE,26,12,3,0,0,0,0,0,0,0,,0,19,15,131,8.73,0,0,0,0,,,13,28.1,31.1,20.6,,56,,BateJo00
311,Chase Claypool,2TM,WR,25,6,2,0,0,0,0,0,0,0,,0,16,5,66,13.20,1,0,0,1,,,13,17.6,17.6,15.1,,130,,ClayCh01
312,Isaiah Likely,BAL,TE,23,12,6,0,0,0,0,0,0,0,,0,18,13,129,9.92,0,0,0,0,,,13,25.9,28.9,19.4,,57,,LikeIs00
313,Terrace Marshall Jr.,CAR,WR,23,8,3,0,0,0,0,0,0,0,,0,32,18,134,7.44,0,1,0,0,,,13,31.4,34.4,22.4,,128,,MarsTe00
314,John Metchie,HOU,WR,23,10,0,0,0,0,0,0,0,0,,0,13,11,129,11.73,0,0,0,0,,,13,23.9,26.9,18.4,,129,,MetcJo00
315,Ameer Abdullah,LVR,RB,30,12,0,0,0,0,0,0,5,30,6.00,0,17,12,85,7.08,0,0,0,0,,,12,23.5,23.5,17.5,,84,,AbduAm00
316,Andrew Beck,HOU,RB,27,10,9,0,0,0,0,0,5,3,0.60,1,5,4,14,3.50,0,1,1,2,,,12,15.7,16.7,13.7,,83,,BeckAn01
317,Harrison Bryant,CLE,TE,25,11,5,0,0,0,0,0,5,8,1.60,0,10,5,12,2.40,2,1,1,2,,,12,17.0,18.0,14.5,,58,,BryaHa00
318,Brevin Jordan,HOU,TE,23,8,0,0,0,0,0,0,0,0,,0,7,6,60,10.00,1,0,0,1,,,12,18.0,18.0,15.0,,59,,JordBr00
319,Tucker Kraft,GNB,TE,23,11,2,0,0,0,0,0,0,0,,0,9,7,58,8.29,1,0,0,1,,,12,18.8,18.8,15.3,,60,,KrafTu00
320,Laviska Shenault Jr.,CAR,WR,25,8,0,0,0,0,0,0,12,55,4.58,0,10,10,60,6.00,0,1,0,0,,,12,21.5,21.5,16.5,,131,,ShenLa00
321,Cole Turner,WAS,TE,23,10,1,0,0,0,0,0,0,0,,0,14,10,118,11.80,0,0,0,0,,,12,21.8,24.8,16.8,,61,,TurnCo00
322,C.J. Uzomah,NYJ,TE,30,11,7,0,0,0,0,0,0,0,,0,12,8,58,7.25,1,0,0,1,,,12,19.8,19.8,15.8,,62,,UzomC.00
323,Ronnie Bell,SFO,WR,23,11,0,0,0,0,0,0,0,0,,0,5,4,51,12.75,1,0,0,1,,,11,15.1,15.1,13.1,,133,,BellRo01
324,Will Dissly,SEA,TE,27,10,9,0,0,0,0,0,0,0,,0,13,10,108,10.80,0,0,0,0,,,11,20.8,23.8,15.8,,64,,DissWi00
325,Luke Farrell,JAX,TE,26,11,5,0,0,0,0,0,0,0,,0,12,10,111,11.10,0,0,0,0,,,11,21.1,24.1,16.1,,63,,FarrLu00
326,Jalen Guyton,LAC,WR,26,3,2,0,0,0,0,0,0,0,,0,13,5,45,9.00,1,0,0,1,,,11,15.5,15.5,13.0,,134,,GuytJa01
327,Lil'Jordan Humphrey,DEN,WR,25,11,5,0,0,0,0,0,0,0,,0,8,6,53,8.83,1,0,0,1,,,11,17.3,17.3,14.3,,132,,HumpLi01
328,A.T. Perry,NOR,WR,24,4,0,0,0,0,0,0,0,0,,0,6,3,45,15.00,1,0,0,1,,,11,13.5,13.5,12.0,,135,,PerrAT00
329,Chris Rodriguez,WAS,RB,23,10,0,0,0,0,0,0,24,125,5.21,0,1,1,5,5.00,0,1,1,0,,,11,12.0,16.0,11.5,,85,,RodrCh00
330,Tyler Scott,CHI,WR,22,12,2,0,0,0,0,0,6,44,7.33,0,20,10,81,8.10,0,1,1,0,,,11,20.5,21.5,15.5,,136,,ScotTy00
331,Emanuel Wilson,GNB,RB,24,7,0,0,0,0,0,0,14,85,6.07,0,5,4,23,5.75,0,1,0,0,,,11,14.8,14.8,12.8,,86,,WilsEm00
332,Jameis Winston,NOR,QB,29,4,0,23,42,223,2,3,3,-4,-1.33,0,0,0,0,,0,0,0,0,,,11,10.5,13.5,13.5,,45,,WinsJa00
333,Parris Campbell,NYG,WR,26,12,3,0,0,0,0,0,0,0,,0,27,20,104,5.20,0,0,0,0,,,10,30.4,33.4,20.4,,137,,CampPa00
334,J.K. Dobbins,BAL,RB,25,1,1,0,0,0,0,0,8,22,2.75,1,3,2,15,7.50,0,0,0,1,,,10,11.7,11.7,10.7,,89,,DobbJK00
335,Melvin Gordon,BAL,RB,30,2,0,0,0,0,0,0,13,53,4.08,0,3,3,46,15.33,0,0,0,0,,,10,12.9,12.9,11.4,,88,,GordMe00
336,Keaontay Ingram,ARI,RB,24,8,1,0,0,0,0,0,35,74,2.11,0,4,4,26,6.50,0,0,0,0,,,10,14.0,14.0,12.0,,87,,IngrKe01
337,Donovan Peoples-Jones,2TM,WR,24,9,5,0,0,0,0,0,0,0,,0,19,8,97,12.13,0,1,0,0,,,10,17.7,17.7,13.7,,139,,PeopDo00
338,Ben Skowronek,LAR,WR,26,11,0,0,0,0,0,0,2,9,4.50,0,7,4,32,8.00,1,0,0,1,,,10,14.1,14.1,12.1,,138,,SkowBe00
339,Chris Brooks,MIA,RB,23,6,0,0,0,0,0,0,15,94,6.27,0,0,0,0,,0,0,0,0,,,9,9.4,9.4,9.4,,90,,BrooCh00
340,Lawrence Cager,NYG,TE,26,9,0,0,0,0,0,0,0,0,,0,4,3,27,9.00,1,0,0,1,,,9,11.7,11.7,10.2,,67,,CageLa01
341,Xavier Hutchinson,HOU,WR,23,11,0,0,0,0,0,0,4,44,11.00,0,4,2,43,21.50,0,0,0,0,,,9,10.7,10.7,9.7,,140,,HutcXa00
342,Will Mallory,IND,TE,24,6,1,0,0,0,0,0,0,0,,0,11,6,91,15.17,0,0,0,0,,,9,15.1,15.1,12.1,,66,,MallWi00
343,Quintin Morris,BUF,TE,24,10,0,0,0,0,0,0,0,0,,0,3,2,26,13.00,1,0,0,1,,,9,10.6,10.6,9.6,,68,,MorrQu00
344,Jeremy Ruckert,NYJ,TE,23,11,4,0,0,0,0,0,0,0,,0,14,10,86,8.60,0,0,0,0,,,9,18.6,18.6,13.6,,69,,RuckJe00
345,Boston Scott,PHI,RB,28,9,0,0,0,0,0,0,12,67,5.58,0,4,3,25,8.33,0,0,0,0,,,9,12.2,12.2,10.7,,91,,ScotBo02
346,Brenton Strange,JAX,TE,23,11,2,0,0,0,0,0,0,0,,0,7,4,34,8.50,1,0,0,1,,,9,13.4,13.4,11.4,,65,,StraBr00
347,Alec Ingold,MIA,RB,27,11,8,0,0,0,0,0,2,0,0.00,0,10,8,79,9.88,0,0,0,0,,,8,15.9,15.9,11.9,,93,,IngoAl01
348,Julio Jones,PHI,WR,34,5,2,0,0,0,0,0,0,0,,0,8,5,16,3.20,1,0,0,1,,,8,12.6,12.6,10.1,,143,,JoneJu02
349,Hunter Luepke,DAL,RB,23,11,0,0,0,0,0,0,3,13,4.33,1,3,2,10,5.00,0,0,0,1,,,8,10.3,10.3,9.3,,92,,LuepHu00
350,Isaiah McKenzie,IND,WR,28,11,0,0,0,0,0,0,3,14,4.67,0,14,11,82,7.45,0,2,1,0,,,8,18.6,19.6,13.1,,144,,McKeIs00
351,Ronnie Rivers,LAR,RB,24,6,0,0,0,0,0,0,13,57,4.38,0,4,4,18,4.50,0,0,0,0,,,8,11.5,11.5,9.5,,94,,RiveRo01
352,Sterling Shepard,NYG,WR,30,11,2,0,0,0,0,0,0,0,,0,16,7,39,5.57,1,1,1,1,,,8,14.9,15.9,11.4,,142,,ShepSt00
353,Samori Toure,GNB,WR,25,8,0,0,0,0,0,0,0,0,,0,11,5,62,12.40,0,0,0,0,1,,8,13.2,13.2,10.7,,141,,TourSa00
354,Mitchell Trubisky,PIT,QB,29,2,0,18,32,156,1,2,3,18,6.00,0,0,0,0,,0,0,0,0,,,8,8.0,10.0,10.0,,46,,TrubMi00
355,Jamal Agnew,JAX,WR,28,8,1,0,0,0,0,0,4,-2,-0.50,0,12,9,90,10.00,0,1,1,0,,,7,15.8,16.8,11.3,,148,,AgneJa00
356,Nick Bawden,NYJ,RB,27,11,2,0,0,0,0,0,1,1,1.00,1,2,2,13,6.50,0,0,0,1,,,7,9.4,9.4,8.4,,95,,BawdNi00
357,Raheem Blackshear,CAR,RB,24,6,0,0,0,0,0,0,11,30,2.73,0,5,5,41,8.20,0,0,0,0,,,7,12.1,12.1,9.6,,98,,BlacRa00
358,Tim Boyle,NYJ,QB,29,2,1,34,52,212,1,3,3,3,1.00,0,0,0,0,,0,2,0,0,,,7,6.8,9.8,9.8,,49,,BoylTi00
359,Gary Brightwell,NYG,RB,24,7,0,0,0,0,0,0,9,19,2.11,0,7,5,47,9.40,0,0,0,0,,,7,11.6,11.6,9.1,,101,,BrigGa00
360,Josiah Deguara,GNB,TE,26,10,3,0,0,0,0,0,0,0,,0,8,8,65,8.13,0,0,0,0,,,7,14.5,14.5,10.5,,72,,DeguJo00
361,Chase Edmonds,TAM,RB,27,7,0,0,0,0,0,0,19,48,2.53,0,7,5,24,4.80,0,0,0,0,,,7,12.2,12.2,9.7,,97,,EdmoCh00
362,Simi Fehoko,LAC,WR,26,6,0,0,0,0,0,0,0,0,,0,2,1,9,9.00,1,0,0,1,,,7,7.9,7.9,7.4,,147,,FehoSi00
363,Jimmy Graham,NOR,TE,37,7,1,0,0,0,0,0,0,0,,0,2,1,8,8.00,1,0,0,1,,,7,7.8,7.8,7.3,,71,,GrahJi00
364,Tyler Huntley,BAL,QB,25,3,0,5,8,38,1,0,6,16,2.67,0,0,0,0,,0,0,0,0,,,7,7.1,7.1,7.1,,48,,HuntTy01
365,Charlie Jones,CIN,WR,25,5,0,0,0,0,0,0,0,0,,0,2,1,6,6.00,0,0,0,1,,,7,7.6,7.6,7.1,,149,,JoneCh11
366,Ihmir Smith-Marsette,CAR,WR,24,11,0,0,0,0,0,0,0,0,,0,1,1,14,14.00,0,1,0,1,,,7,8.4,8.4,7.9,,145,,SmitIh00
367,Stephen Sullivan,CAR,TE,27,5,0,0,0,0,0,0,0,0,,0,8,7,74,10.57,0,0,0,0,,,7,14.4,14.4,10.9,,70,,SullSt00
368,Patrick Taylor,GNB,RB,25,5,0,0,0,0,0,0,14,42,3.00,0,11,6,32,5.33,0,0,0,0,,,7,13.4,13.4,10.4,,96,,TaylPa01
369,Cedric Tillman,CLE,WR,23,8,2,0,0,0,0,0,1,8,8.00,0,14,7,65,9.29,0,0,0,0,,,7,14.3,14.3,10.8,,146,,TillCe01
370,Clayton Tune,ARI,QB,24,4,1,12,21,62,0,2,6,29,4.83,1,0,0,0,,0,1,1,1,1,,7,7.4,10.4,9.4,,47,,TuneCl00
371,Deuce Vaughn,DAL,RB,22,6,0,0,0,0,0,0,21,38,1.81,0,6,6,30,5.00,0,0,0,0,,,7,12.8,12.8,9.8,,99,,VaugDe00
372,Trayveon Williams,CIN,RB,26,11,0,0,0,0,0,0,12,59,4.92,0,7,5,9,1.80,0,0,0,0,,,7,11.8,11.8,9.3,,100,,WillTr06
373,Blake Bell,KAN,TE,32,11,1,0,0,0,0,0,0,0,,0,5,3,19,6.33,1,1,1,1,,,6,8.9,9.9,7.4,,73,,BellBl00
374,Mike Boone,HOU,RB,28,9,0,0,0,0,0,0,5,23,4.60,0,9,7,40,5.71,0,1,0,0,,,6,13.3,13.3,9.8,,103,,BoonMi00
375,Jalen Brooks,DAL,WR,23,5,0,0,0,0,0,0,0,0,,0,5,5,63,12.60,0,0,0,0,,,6,11.3,11.3,8.8,,150,,BrooJa03
376,Rakim Jarrett,TAM,WR,22,10,0,0,0,0,0,0,1,0,0.00,0,9,4,60,15.00,0,0,0,0,,,6,10.0,10.0,8.0,,151,,JarrRa00
377,Geoff Swaim,ARI,TE,30,12,6,0,0,0,0,0,0,0,,0,8,7,58,8.29,0,0,0,0,,,6,12.8,12.8,9.3,,74,,SwaiGe00
378,Robert Tonyan,CHI,TE,29,12,5,0,0,0,0,0,0,0,,0,10,7,58,8.29,0,0,0,0,,,6,12.8,12.8,9.3,,75,,TonyRo00
379,Zamir White,LVR,RB,24,12,0,0,0,0,0,0,18,46,2.56,0,6,6,38,6.33,0,1,1,0,,,6,12.4,13.4,9.4,,102,,WhitZa01
380,Damien Williams,ARI,RB,31,3,0,0,0,0,0,0,11,43,3.91,0,2,2,12,6.00,0,0,0,0,,,6,7.5,7.5,6.5,,104,,WillDa05
381,Jordan Akins,CLE,TE,31,11,3,0,0,0,0,0,0,0,,0,11,6,45,7.50,0,0,0,0,,,5,10.5,10.5,7.5,,76,,AkinJo00
382,Lynn Bowden Jr.,NOR,WR,26,9,0,0,0,0,0,0,2,40,20.00,0,4,1,12,12.00,0,0,0,0,,,5,6.2,6.2,5.7,,155,,BowdLy00
383,DeAndre Carter,LVR,WR,30,12,1,0,0,0,0,0,3,18,6.00,0,6,3,36,12.00,0,1,0,0,,,5,8.4,8.4,6.9,,152,,CartDe02
384,Malik Heath,GNB,WR,23,7,1,0,0,0,0,0,0,0,,0,10,5,53,10.60,0,0,0,0,,,5,10.3,10.3,7.8,,153,,HeatMa00
385,Brian Hoyer,LVR,QB,38,3,1,23,42,231,0,2,3,-3,-1.00,0,0,0,0,,0,0,0,0,,,5,4.9,6.9,6.9,,50,,HoyeBr00
386,Johnny Mundt,MIN,TE,29,12,0,0,0,0,0,0,0,0,,0,5,5,45,9.00,0,0,0,0,,,5,9.5,9.5,7.0,,77,,MundJo00
387,Patrick Ricard,BAL,RB,29,12,6,0,0,0,0,0,0,0,,0,5,4,48,12.00,0,0,0,0,,,5,8.8,8.8,6.8,,105,,RicaPa00
388,Demarcus Robinson,LAR,WR,29,10,0,0,0,0,0,0,0,0,,0,5,5,52,10.40,0,0,0,0,,,5,10.2,10.2,7.7,,156,,RobiDe01
389,Brett Rypien,LAR,QB,27,2,1,18,38,172,0,1,3,19,6.33,0,0,0,0,,0,2,1,0,,,5,4.8,6.8,5.8,,51,,RypiBr00
390,Trent Sherfield,BUF,WR,27,12,1,0,0,0,0,0,0,0,,0,13,7,53,7.57,0,0,0,0,,,5,12.3,12.3,8.8,,154,,SherTr00
391,Isaiah Spiller,LAC,RB,22,5,0,0,0,0,0,0,12,27,2.25,0,3,3,20,6.67,0,0,0,0,,,5,7.7,7.7,6.2,,106,,SpilIs00
392,Mike Strachan,CAR,WR,26,2,1,0,0,0,0,0,0,0,,0,2,1,45,45.00,0,0,0,0,,,5,5.5,5.5,5.0,,157,,StraMi03
393,Ian Thomas,CAR,TE,27,7,4,0,0,0,0,0,0,0,,0,5,3,45,15.00,0,0,0,0,,,5,7.5,7.5,6.0,,78,,ThomIa00
394,Randall Cobb,NYJ,WR,33,7,1,0,0,0,0,0,0,0,,0,12,3,20,6.67,0,0,0,0,1,,4,7.0,7.0,5.5,,161,,CobbRa00
395,Marquise Goodwin,CLE,WR,33,8,0,0,0,0,0,0,4,33,8.25,0,11,3,10,3.33,0,0,0,0,,,4,7.3,7.3,5.8,,160,,GoodMa00
396,Tim Jones,JAX,WR,25,11,1,0,0,0,0,0,0,0,,0,9,7,44,6.29,0,0,0,0,,,4,11.4,11.4,7.9,,158,,JoneTi00
397,MyCole Pruitt,ATL,TE,31,11,7,0,0,0,0,0,0,0,,0,7,4,44,11.00,0,0,0,0,,,4,8.4,8.4,6.4,,79,,PruiMy00
398,Equanimeous St. Brown,CHI,WR,27,5,0,0,0,0,0,0,0,0,,0,5,4,44,11.00,0,0,0,0,,,4,8.4,8.4,6.4,,159,,St.BEq00
399,Tyquan Thornton,NWE,WR,23,4,1,0,0,0,0,0,1,3,3.00,0,12,5,34,6.80,0,0,0,0,,,4,8.7,8.7,6.2,,162,,ThorTy00
400,Ke'Shawn Vaughn,TAM,RB,26,6,0,0,0,0,0,0,24,42,1.75,0,5,2,2,1.00,0,0,0,0,,,4,6.4,6.4,5.4,,107,,VaugKe00
401,Darnell Washington,PIT,TE,22,11,5,0,0,0,0,0,0,0,,0,7,5,41,8.20,0,0,0,0,,,4,9.1,9.1,6.6,,80,,WashDa03
402,Mike White,MIA,QB,28,3,0,2,3,67,1,1,5,-7,-1.40,0,0,0,0,,0,0,0,0,,,4,4.0,5.0,5.0,,52,,WhitMi01
403,David Bell,CLE,WR,23,9,0,0,0,0,0,0,0,0,,0,9,4,33,8.25,0,0,0,0,,,3,7.3,7.3,5.3,,164,,BellDa02
404,Khari Blasingame,CHI,RB,27,11,1,0,0,0,0,0,8,26,3.25,0,4,2,5,2.50,0,0,0,0,,,3,5.1,5.1,4.1,,111,,BlasKh00
405,Michael Burton,DEN,RB,31,11,2,0,0,0,0,0,4,3,0.75,0,1,1,3,3.00,0,0,0,0,1,,3,3.6,3.6,3.1,,114,,BurtMi00
406,Greg Dulcich,DEN,TE,23,2,1,0,0,0,0,0,0,0,,0,4,3,25,8.33,0,0,0,0,,,3,5.5,5.5,4.0,,86,,DulcGr00
407,Payne Durham,TAM,TE,23,7,1,0,0,0,0,0,0,0,,0,6,4,33,8.25,0,0,0,0,,,3,7.3,7.3,5.3,,81,,DurhPa00
408,Devin Duvernay,BAL,WR,26,12,1,0,0,0,0,0,4,15,3.75,0,9,4,18,4.50,0,0,0,0,,,3,7.3,7.3,5.3,,165,,DuveDe00
409,Alex Erickson,LAC,WR,31,2,1,0,0,0,0,0,0,0,,0,4,2,29,14.50,0,0,0,0,,,3,4.9,4.9,3.9,,169,,EricAl01
410,Eric Gray,NYG,RB,24,8,0,0,0,0,0,0,13,27,2.08,0,1,1,1,1.00,0,3,0,0,,,3,3.8,3.8,3.3,,112,,GrayEr01
411,Jaren Hall,MIN,QB,25,2,1,8,10,101,0,0,4,10,2.50,0,0,0,0,,0,1,1,0,,,3,3.0,4.0,3.0,,54,,HallJa00
412,Mecole Hardman,2TM,WR,25,9,1,0,0,0,0,0,1,3,3.00,0,13,9,47,5.22,0,1,1,0,,,3,12.0,13.0,7.5,,167,,HardMe00
413,Elijah Higgins,ARI,TE,23,6,1,0,0,0,0,0,0,0,,0,6,3,28,9.33,0,0,0,0,,,3,5.8,5.8,4.3,,84,,HiggEl00
414,Brycen Hopkins,LAR,TE,26,10,0,0,0,0,0,0,0,0,,0,4,3,31,10.33,0,0,0,0,,,3,6.1,6.1,4.6,,83,,HopkBr01
415,Trishton Jackson,MIN,WR,25,6,0,0,0,0,0,0,0,0,,0,4,2,9,4.50,0,0,0,0,1,,3,4.9,4.9,3.9,,170,,JackTr02
416,Velus Jones Jr.,CHI,WR,26,9,0,0,0,0,0,0,4,22,5.50,0,5,3,9,3.00,0,0,0,0,,,3,6.1,6.1,4.6,,166,,JoneVe00
417,Ty Montgomery,NWE,WR,30,11,0,0,0,0,0,0,2,7,3.50,0,10,4,23,5.75,0,0,0,0,,,3,7.0,7.0,5.0,,168,,MontTy01
418,Dare Ogunbowale,HOU,RB,29,6,0,0,0,0,0,0,2,4,2.00,0,0,0,0,,0,0,0,0,,,3,3.4,0.4,3.4,,108,,OgunDa00
419,Teagan Quitoriano,HOU,TE,23,7,5,0,0,0,0,0,0,0,,0,3,2,33,16.50,0,0,0,0,,,3,5.3,5.3,4.3,,82,,QuitTe00
420,Justyn Ross,KAN,WR,24,7,0,0,0,0,0,0,0,0,,0,6,3,34,11.33,0,0,0,0,,,3,6.4,6.4,4.9,,163,,RossJu00
421,Trey Sermon,IND,RB,24,9,0,0,0,0,0,0,8,24,3.00,0,3,1,4,4.00,0,0,0,0,,,3,3.8,3.8,3.3,,113,,SermTr00
422,Steven Sims,HOU,WR,26,2,0,0,0,0,0,0,0,0,,0,2,2,25,12.50,0,0,0,0,,,3,4.5,4.5,3.5,,171,,SimsSt00
423,Keith Smith,ATL,RB,31,10,5,0,0,0,0,0,0,0,,0,3,3,33,11.00,0,0,0,0,,,3,6.3,6.3,4.8,,109,,SmitKe03
424,Jack Stoll,PHI,TE,25,11,7,0,0,0,0,0,0,0,,0,7,4,27,6.75,0,0,0,0,,,3,6.7,6.7,4.7,,85,,StolJa00
425,Sean Tucker,TAM,RB,22,9,0,0,0,0,0,0,15,23,1.53,0,2,2,9,4.50,0,0,0,0,,,3,5.2,5.2,4.2,,110,,TuckSe00
426,Malik Willis,TEN,QB,24,3,0,4,5,74,0,0,5,21,4.20,0,0,0,0,,0,1,1,0,,,3,3.1,4.1,3.1,,53,,WillMa12
427,Israel Abanikanda,NYJ,RB,21,1,0,0,0,0,0,0,1,11,11.00,0,2,1,5,5.00,0,0,0,0,,,2,2.6,2.6,2.1,,122,,AbanIs00
428,Nate Adkins,DEN,TE,24,8,1,0,0,0,0,0,0,0,,0,5,4,22,5.50,0,0,0,0,,,2,6.2,6.2,4.2,,88,,AdkiNa00
429,Kayshon Boutte,NWE,WR,21,3,0,0,0,0,0,0,0,0,,0,7,2,19,9.50,0,0,0,0,,,2,3.9,3.9,2.9,,177,,BoutKa00
430,Jason Brownlee,NYJ,WR,24,3,1,0,0,0,0,0,0,0,,0,2,2,20,10.00,0,0,0,0,,,2,4.0,4.0,3.0,,176,,BrowJa07
431,Tyrion Davis-Price,SFO,RB,23,1,0,0,0,0,0,0,6,21,3.50,0,0,0,0,,0,0,0,0,,,2,2.1,2.1,2.1,,118,,DaviTy03
432,Elijah Dotson,LAC,RB,24,4,0,0,0,0,0,0,4,6,1.50,0,2,2,13,6.50,0,0,0,0,,,2,3.9,3.9,2.9,,120,,DotsEl00
433,Zach Evans,LAR,RB,22,6,0,0,0,0,0,0,8,16,2.00,0,0,0,0,,0,0,0,0,,,2,1.6,1.6,1.6,,123,,EvanZa00
434,Erik Ezukanma,MIA,WR,23,2,0,0,0,0,0,0,5,22,4.40,0,1,0,0,,0,0,0,0,,,2,2.2,2.2,2.2,,172,,EzukEr00
435,Jake Funk,IND,RB,25,4,0,0,0,0,0,0,2,10,5.00,0,1,1,12,12.00,0,0,0,0,,,2,3.2,3.2,2.7,,116,,FunkJa00
436,Derrick Gore,WAS,RB,29,3,0,0,0,0,0,0,2,23,11.50,0,0,0,0,,0,0,0,0,,,2,2.3,2.3,2.3,,115,,GoreDe00
437,C.J. Ham,MIN,RB,30,12,3,0,0,0,0,0,0,0,,0,8,6,19,3.17,0,0,0,0,,,2,7.9,7.9,4.9,,121,,HamxC.00
438,Marvin Jones,DET,WR,33,6,4,0,0,0,0,0,0,0,,0,10,5,35,7.00,0,1,1,0,,,2,6.5,7.5,4.0,,180,,JoneMa02
439,Keith Kirkwood,NOR,WR,29,8,2,0,0,0,0,0,0,0,,0,7,3,21,7.00,0,0,0,0,,,2,5.1,5.1,3.6,,174,,KirkKe00
440,Zonovan Knight,DET,RB,22,2,0,0,0,0,0,0,3,13,4.33,0,1,1,8,8.00,0,0,0,0,,,2,3.1,3.1,2.6,,119,,KnigZo00
441,Marcedes Lewis,CHI,TE,39,12,2,0,0,0,0,0,0,0,,0,3,2,24,12.00,0,0,0,0,,,2,4.4,4.4,3.4,,87,,LewiMa00
442,Drew Lock,SEA,QB,27,2,0,4,12,66,0,1,1,11,11.00,0,0,0,0,,0,0,0,0,,,2,1.7,2.7,2.7,,57,,LockDr00
443,Chris Manhertz,DEN,TE,31,11,4,0,0,0,0,0,0,0,,0,4,2,16,8.00,0,0,0,0,,,2,3.6,3.6,2.6,,91,,ManhCh00
444,Jalen Nailor,MIN,WR,24,5,1,0,0,0,0,0,0,0,,0,1,1,16,16.00,0,0,0,0,,,2,2.6,2.6,2.1,,179,,NailJa00
445,Zach Pascal,ARI,WR,29,10,1,0,0,0,0,0,0,0,,0,11,4,19,4.75,0,0,0,0,,,2,5.9,5.9,3.9,,178,,PascZa00
446,Rashaad Penny,PHI,RB,27,2,0,0,0,0,0,0,5,17,3.40,0,1,1,5,5.00,0,0,0,0,,,2,3.2,3.2,2.7,,117,,PennRa00
447,Jalen Reagor,NWE,WR,24,5,1,0,0,0,0,0,0,0,,0,9,2,22,11.00,0,0,0,0,,,2,4.2,4.2,3.2,,173,,ReagJa00
448,Cooper Rush,DAL,QB,30,6,0,15,20,114,0,1,12,-5,-0.42,0,0,0,0,,0,0,0,0,,,2,2.1,3.1,3.1,,56,,RushCo00
449,Quez Watkins,PHI,WR,25,4,2,0,0,0,0,0,0,0,,0,5,4,21,5.25,0,0,0,0,,,2,6.1,6.1,4.1,,175,,WatkQu00
450,Trevon Wesco,TEN,TE,28,11,9,0,0,0,0,0,0,0,,0,2,1,21,21.00,0,0,0,0,,,2,3.1,3.1,2.6,,89,,WescTr00
451,Mitchell Wilcox,CIN,TE,27,11,1,0,0,0,0,0,0,0,,0,6,4,18,4.50,0,0,0,0,,,2,5.8,5.8,3.8,,90,,WilcMi01
452,Bailey Zappe,NWE,QB,24,4,0,19,39,158,0,2,0,0,,0,0,0,0,,0,0,0,0,,,2,2.3,4.3,4.3,,55,,ZappBa00
453,Davis Allen,LAR,TE,22,9,0,0,0,0,0,0,0,0,,0,1,1,6,6.00,0,0,0,0,,,1,1.6,1.6,1.1,,96,,AlleDa02
454,Miles Boykin,PIT,WR,27,11,0,0,0,0,0,0,0,0,,0,3,2,11,5.50,0,0,0,0,,,1,3.1,3.1,2.1,,182,,BoykMi00
455,Chase Brown,CIN,RB,23,6,0,0,0,0,0,0,2,6,3.00,0,3,3,7,2.33,0,0,0,0,,,1,4.3,4.3,2.8,,125,,BrowCh10
456,Jashaun Corbin,NYG,RB,23,3,0,0,0,0,0,0,1,1,1.00,0,3,3,12,4.00,0,0,0,0,,,1,4.3,4.3,2.8,,126,,CorbJa01
457,DeeJay Dallas,SEA,RB,25,11,0,0,0,0,0,0,8,28,3.50,0,7,6,26,4.33,0,2,2,0,,,1,7.4,9.4,4.4,,124,,DallDe00
458,Kenyan Drake,BAL,RB,29,2,0,0,0,0,0,0,1,0,0.00,0,3,2,31,15.50,0,1,1,0,,,1,3.1,4.1,2.1,,129,,DrakKe00
459,Ross Dwelley,SFO,TE,28,11,0,0,0,0,0,0,0,0,,0,2,1,12,12.00,0,0,0,0,,,1,2.2,2.2,1.7,,94,,DwelRo00
460,D'Wayne Eskridge,SEA,WR,26,4,0,0,0,0,0,0,2,5,2.50,0,1,0,0,,0,0,0,0,,,1,0.5,0.5,0.5,,186,,EskrDW00
461,Chris Evans,CIN,RB,26,8,0,0,0,0,0,0,2,12,6.00,0,1,1,-1,-1.00,0,0,0,0,,,1,2.1,2.1,1.6,,130,,EvanCh02
462,Evan Hull,IND,RB,23,1,0,0,0,0,0,0,1,1,1.00,0,1,1,6,6.00,0,0,0,0,,,1,1.7,1.7,1.2,,133,,HullEv00
463,Jakob Johnson,LVR,RB,29,8,3,0,0,0,0,0,0,0,,0,2,1,12,12.00,0,0,0,0,,,1,2.2,2.2,1.7,,128,,JohnJa12
464,Charlie Kolar,BAL,TE,24,10,0,0,0,0,0,0,0,0,,0,2,1,13,13.00,0,0,0,0,,,1,2.3,2.3,1.8,,93,,KolaCh00
465,Anthony McFarland Jr.,PIT,RB,24,3,0,0,0,0,0,0,0,0,,0,2,2,11,5.50,0,0,0,0,,,1,3.1,3.1,2.1,,131,,McFaAn00
466,Kene Nwangwu,MIN,RB,25,4,0,0,0,0,0,0,2,9,4.50,0,0,0,0,,0,0,0,0,,,1,0.9,0.9,0.9,,132,,NwanKe00
467,Devine Ozigbo,DET,RB,27,3,0,0,0,0,0,0,3,5,1.67,0,1,1,8,8.00,0,0,0,0,,,1,2.3,2.3,1.8,,127,,OzigDe01
468,Ben Sims,GNB,TE,23,11,0,0,0,0,0,0,0,0,,0,3,2,14,7.00,0,0,0,0,,,1,3.4,3.4,2.4,,92,,SimsBe00
469,Willie Snead,SFO,WR,31,3,0,0,0,0,0,0,0,0,,0,1,1,9,9.00,0,0,0,0,,,1,1.9,1.9,1.4,,184,,SneaWi00
470,Malik Taylor,NYJ,WR,28,3,0,0,0,0,0,0,0,0,,0,4,2,13,6.50,0,0,0,0,,,1,3.3,3.3,2.3,,181,,TaylMa01
471,Cody Thompson,SEA,WR,27,6,0,0,0,0,0,0,0,0,,0,1,1,10,10.00,0,0,0,0,,,1,2.0,2.0,1.5,,183,,ThomCo04
472,Austin Trammell,LAR,WR,25,10,0,0,0,0,0,0,0,0,,0,7,4,29,7.25,0,1,1,0,,,1,4.9,5.9,2.9,,185,,TramAu00
473,Charlie Woerner,SFO,TE,26,11,1,0,0,0,0,0,0,0,,0,1,1,9,9.00,0,0,0,0,,,1,1.9,1.9,1.4,,95,,WoerCh00
474,Devon Allen,PHI,,29,2,0,0,0,0,0,0,0,0,,0,0,0,0,,0,0,0,0,,,,,,,,189,,AlleDe02
475,Alex Armah,WAS,RB,29,4,0,0,0,0,0,0,0,0,,0,2,2,3,1.50,0,0,0,0,,,,2.3,2.3,1.3,,134,,ArmaAl00
476,Andre Baccellia,ARI,,26,4,0,0,0,0,0,0,0,0,,0,0,0,0,,0,0,0,0,,,,,,,,190,,BaccAn00
477,C.J. Beathard,JAX,QB,30,4,0,3,4,14,0,0,3,-2,-0.67,0,0,0,0,,0,0,0,0,,,,0.4,0.4,0.4,,58,,BeatC.00
478,Brandon Bolden,LVR,,33,12,0,0,0,0,0,0,0,0,,0,0,0,0,,0,0,0,0,,,,,,,,138,,BoldBr00
479,Teddy Bridgewater,DET,QB,31,1,0,0,0,0,0,0,2,-2,-1.00,0,0,0,0,,0,0,0,0,,,,-0.2,-0.2,-0.2,,65,,BridTe00
480,Matt Bushman,KAN,,28,1,0,0,0,0,0,0,0,0,,0,0,0,0,,0,0,0,0,,,,,,,,99,,BushMa00
481,Terrell Bynum,LAC,,25,1,0,0,0,0,0,0,0,0,,0,0,0,0,,0,0,0,0,,,,,,,,191,,BynuTe00
482,Damiere Byrd,ATL,,30,1,0,0,0,0,0,0,0,0,,0,2,0,0,,0,0,0,0,,,,,,,,192,,ByrdDa00
483,Jason Cabinda,DET,RB,27,3,0,0,0,0,0,0,1,0,0.00,0,0,0,0,,0,0,0,0,,,,,,,,139,,CabiJa00
484,Grant Calcaterra,PHI,,25,9,1,0,0,0,0,0,0,0,,0,0,0,0,,0,0,0,0,,,,,,,,100,,CalcGr00
485,Stephen Carlson,CHI,,27,1,0,0,0,0,0,0,0,0,,0,0,0,0,,0,0,0,0,,,,,,,,101,,CarlSt00
486,Irvin Charles,NYJ,,26,6,0,0,0,0,0,0,0,0,,0,0,0,0,,0,0,0,0,,,,,,,,193,,CharIr00
487,Julius Chestnut,TEN,,23,3,0,0,0,0,0,0,0,0,,0,0,0,0,,0,0,0,0,,,,,,,,140,,ChesJu00
488,Corey Clement,ARI,,29,3,0,0,0,0,0,0,0,0,,0,0,0,0,,0,0,0,0,,,,,,,,141,,ClemCo00
489,Sean Clifford,GNB,QB,25,1,0,0,0,0,0,0,1,0,0.00,0,0,0,0,,0,1,0,0,,,,,,,,60,,ClifSe00
490,Chris Conley,SFO,,31,2,0,0,0,0,0,0,0,0,,0,0,0,0,,0,0,0,0,,,,,,,,194,,ConlCh00
491,Tanner Conner,MIA,,25,2,0,0,0,0,0,0,0,0,,0,0,0,0,,0,0,0,0,,,,,,,,102,,ConnTa00
492,Elijah Cooks,JAX,,25,4,0,0,0,0,0,0,0,0,,0,0,0,0,,0,0,0,0,,,,,,,,195,,CookEl00
493,Britain Covey,PHI,,26,11,0,0,0,0,0,0,0,0,,0,0,0,0,,0,1,0,0,,,,,,,,196,,CoveBr00
494,Malik Cunningham,NWE,,25,1,0,0,0,0,0,0,0,0,,0,0,0,0,,0,0,0,0,,,,,,,,61,,CunnMa00
495,Darrell Daniels,DET,,29,3,0,0,0,0,0,0,0,0,,0,0,0,0,,0,0,0,0,,,,,,,,103,,DaniDa02
496,Frank Darby,ATL,,26,1,0,0,0,0,0,0,0,0,,0,0,0,0,,0,0,0,0,,,,,,,,197,,DarbFr00
497,Jaelon Darden,CLE,,24,1,0,0,0,0,0,0,0,0,,0,0,0,0,,0,0,0,0,,,,,,,,198,,DardJa00
498,Malik Davis,DAL,,25,1,0,0,0,0,0,0,0,0,,0,0,0,0,,0,0,0,0,,,,,,,,142,,DaviMa02
499,Phillip Dorsett,DEN,,30,1,0,0,0,0,0,0,0,0,,0,1,0,0,,0,0,0,0,,,,,,,,199,,DorsPh00
500,Keelan Doss,LAC,,27,3,0,0,0,0,0,0,0,0,,0,0,0,0,,0,0,0,0,,,,,,,,200,,DossKe00
501,Colton Dowell,TEN,,24,5,0,0,0,0,0,0,0,0,,0,1,0,0,,0,0,0,0,,,,,,,,201,,DoweCo00
502,Dylan Drummond,DET,,23,1,0,0,0,0,0,0,0,0,,0,0,0,0,,0,0,0,0,,,,,,,,202,,DrumDy00
503,Tucker Fisk,ATL,,24,2,0,0,0,0,0,0,0,0,,0,0,0,0,,0,0,0,0,,,,,,,,104,,FiskTu00
504,Dez Fitzpatrick,PIT,,26,1,0,0,0,0,0,0,0,0,,0,0,0,0,,0,0,0,0,,,,,,,,203,,FitzDe00
505,John FitzPatrick,ATL,,23,7,0,0,0,0,0,0,0,0,,0,0,0,0,,0,0,0,0,,,,,,,,105,,FitzJo00
506,Myles Gaskin,2TM,,26,2,0,0,0,0,0,0,0,0,,0,0,0,0,,0,0,0,0,,,,,,,,143,,GaskMy00
507,Reggie Gilliam,BUF,RB,26,12,0,0,0,0,0,0,0,0,,0,1,1,3,3.00,0,0,0,0,,,,1.3,1.3,0.8,,135,,GillRe00
508,Antoine Green,DET,WR,24,8,0,0,0,0,0,0,0,0,,0,2,1,2,2.00,0,0,0,0,,,,1.2,1.2,0.7,,187,,GreeAn00
509,Justin Hardee,NYJ,,29,5,0,0,0,0,0,0,0,0,,0,0,0,0,,0,0,0,0,,,,,,,,204,,HardJu01
510,Jacob Harris,JAX,,26,2,0,0,0,0,0,0,0,0,,0,0,0,0,,0,0,0,0,,,,,,,,106,,HarrJa03
511,N'Keal Harry,MIN,,26,9,0,0,0,0,0,0,0,0,,0,0,0,0,,0,0,0,0,,,,,,,,205,,HarrNK00
512,Jamycal Hasty,JAX,,27,3,0,0,0,0,0,0,0,0,,0,2,0,0,,0,0,0,0,,,,,,,,144,,HastJa02
513,Peyton Hendershot,DAL,TE,24,3,0,0,0,0,0,0,1,0,0.00,0,2,1,3,3.00,0,0,0,0,,,,1.3,1.3,0.8,,98,,HendPe01
514,Parker Hesse,ATL,,28,2,0,0,0,0,0,0,0,0,,0,0,0,0,,0,0,0,0,,,,,,,,107,,HessPa00
515,J.P. Holtz,NOR,,30,1,0,0,0,0,0,0,0,0,,0,0,0,0,,0,0,0,0,,,,,,,,108,,HoltJ.01
516,Travis Homer,CHI,,25,11,0,0,0,0,0,0,0,0,,0,1,0,0,,0,0,0,0,,,,,,,,145,,HomeTr00
517,Jesper Horsted,LVR,TE,26,12,0,0,0,0,0,0,0,0,,0,1,1,4,4.00,0,0,0,0,,,,1.4,1.4,0.9,,97,,HorsJe00
518,Mohamed Ibrahim,DET,,25,1,0,0,0,0,0,0,0,0,,0,0,0,0,,0,0,0,0,,,,,,,,146,,IbraMo00
519,Godwin Igwebuike,2TM,,29,6,0,0,0,0,0,0,0,0,,0,0,0,0,,0,0,0,0,,,,,,,,147,,IgweGo00
520,Andy Isabella,BUF,,27,2,0,0,0,0,0,0,0,0,,0,0,0,0,,0,0,0,0,,,,,,,,206,,IsabAn00
521,Kearis Jackson,TEN,,24,2,0,0,0,0,0,0,0,0,,0,0,0,0,,0,0,0,0,,,,,,,,207,,JackKe02
522,Shedrick Jackson,CIN,,24,2,0,0,0,0,0,0,0,0,,0,1,0,0,,0,0,0,0,,,,,,,,208,,JackSh01
523,Tyree Jackson,NYG,,26,2,1,0,0,0,0,0,0,0,,0,0,0,0,,0,0,0,0,,,,,,,,109,,JackTy01
524,Taiwan Jones,NYG,,35,2,0,0,0,0,0,0,0,0,,0,0,0,0,,0,0,0,0,,,,,,,,148,,JoneTa00
525,Hunter Kampmoyer,LAC,,25,1,0,0,0,0,0,0,0,0,,0,0,0,0,,0,0,0,0,,,,,,,,110,,KampHu00
526,Dalton Keene,HOU,,24,1,0,0,0,0,0,0,0,0,,0,0,0,0,,0,0,0,0,,,,,,,,111,,KeenDa00
527,Ko Kieft,TAM,,25,11,6,0,0,0,0,0,0,0,,0,3,0,0,,0,0,0,0,,,,,,,,112,,KiefKo00
528,Mason Kinsey,TEN,,25,2,0,0,0,0,0,0,0,0,,0,0,0,0,,0,0,0,0,,,,,,,,209,,KinsMa00
529,Tyler Kroft,MIA,,31,7,0,0,0,0,0,0,0,0,,0,0,0,0,,0,0,0,0,,,,,,,,113,,KrofTy00
530,Lucas Krull,DEN,,25,1,0,0,0,0,0,0,0,0,,0,1,0,0,,0,0,0,0,,,,,,,,114,,KrulLu00
531,Kwamie Lassiter II,CIN,WR,25,1,0,0,0,0,0,0,0,0,,0,1,1,2,2.00,0,0,0,0,,,,1.2,1.2,0.7,,188,,LassKw00
532,Hunter Long,LAR,,25,2,0,0,0,0,0,0,0,0,,0,0,0,0,,0,0,0,0,,,,,,,,115,,LongHu00
533,Jordan Matthews,CAR,,31,1,0,0,0,0,0,0,0,0,,0,0,0,0,,0,0,0,0,,,,,,,,210,,MattJo00
534,Kenny McIntosh,SEA,,23,1,0,0,0,0,0,0,0,0,,0,0,0,0,,0,0,0,0,,,,,,,,149,,McInKe00
535,Sean McKeon,DAL,,26,8,0,0,0,0,0,0,0,0,,0,2,0,0,,0,0,0,0,,,,,,,,116,,McKeSe01
536,Tre' McKitty,LAC,,24,6,0,0,0,0,0,0,0,0,,0,0,0,0,,0,0,0,0,,,,,,,,117,,McKiTr00
537,Bo Melton,GNB,,24,1,0,0,0,0,0,0,0,0,,0,0,0,0,,0,0,0,0,,,,,,,,211,,MeltBo00
538,Kirk Merritt,NOR,,26,1,0,0,0,0,0,0,0,0,,0,0,0,0,,0,0,0,0,,,,,,,,212,,MerrKi00
539,Davis Mills,HOU,QB,25,1,0,1,1,2,0,0,0,0,,0,0,0,0,,0,0,0,0,,,,0.1,0.1,0.1,,59,,MillDa02
540,Jordan Mims,NOR,,24,1,0,0,0,0,0,0,0,0,,0,0,0,0,,0,0,0,0,,,,,,,,150,,MimsJo00
541,James Mitchell,DET,,24,9,0,0,0,0,0,0,0,0,,0,0,0,0,,0,0,0,0,,,,,,,,118,,MitcJa00
542,D.J. Montgomery,IND,,27,1,0,0,0,0,0,0,0,0,,0,0,0,0,,0,0,0,0,,,,,,,,213,,MontDJ01
543,David Moore,TAM,,28,1,0,0,0,0,0,0,0,0,,0,1,0,0,,0,0,0,0,,,,,,,,214,,MoorDa03
544,Stanley Morgan Jr.,CIN,,27,2,0,0,0,0,0,0,0,0,,0,0,0,0,,0,0,0,0,,,,,,,,215,,MorgSt02
545,Albert Okwuegbunam,PHI,,25,3,0,0,0,0,0,0,0,0,,0,0,0,0,,0,0,0,0,,,,,,,,119,,OkwuAl00
546,Qadree Ollison,PIT,,27,2,0,0,0,0,0,0,0,0,,0,0,0,0,,0,0,0,0,,,,,,,,151,,OlliQa00
547,Matthew Orzech,GNB,,28,11,0,0,0,0,0,0,0,0,,0,0,0,0,,0,0,0,0,,,,,,,,120,,OrzeMa00
548,La'Mical Perine,KAN,RB,25,2,0,0,0,0,0,0,1,1,1.00,0,1,0,0,,0,0,0,0,,,,0.1,0.1,0.1,,137,,PeriLa00
549,Nathan Peterman,CHI,QB,29,1,0,0,0,0,0,0,2,-4,-2.00,0,0,0,0,,0,1,0,0,,,,-0.4,-0.4,-0.4,,66,,PeteNa00
550,Kevin Rader,TEN,,28,8,0,0,0,0,0,0,0,0,,0,0,0,0,,0,0,0,0,,,,,,,,121,,RadeKe00
551,Giovanni Ricci,CAR,RB,27,5,0,0,0,0,0,0,0,0,,0,1,1,2,2.00,0,0,0,0,,,,1.2,1.2,0.7,,136,,RiccGi00
552,Aaron Rodgers,NYJ,QB,40,1,1,0,1,0,0,0,0,0,,0,0,0,0,,0,0,0,0,,,,,,,,62,,RodgAa00
553,Amari Rodgers,IND,,24,3,0,0,0,0,0,0,0,0,,0,2,0,0,,0,0,0,0,,,,,,,,216,,RodgAm00
554,Brady Russell,SEA,,25,9,0,0,0,0,0,0,0,0,,0,0,0,0,,0,0,0,0,,,,,,,,122,,RussBr00
555,Eric Saubert,2TM,,29,4,0,0,0,0,0,0,0,0,,0,0,0,0,,0,0,0,0,,,,,,,,123,,SaubEr00
556,David Sills,DEN,,27,3,1,0,0,0,0,0,0,0,,0,0,0,0,,0,0,0,0,,,,,,,,217,,SillDa01
557,Matthew Slater,NWE,,38,11,0,0,0,0,0,0,0,0,,0,0,0,0,,0,0,0,0,,,,,,,,218,,SlatMa00
558,Tre'Quan Smith,DEN,,27,1,0,0,0,0,0,0,0,0,,0,0,0,0,,0,0,0,0,,,,,,,,219,,SmitTr03
559,Trent Taylor,CHI,WR,29,12,0,0,0,0,0,0,1,-2,-2.00,0,2,0,0,,0,0,0,0,,,,-0.2,-0.2,-0.2,,231,,TaylTr02
560,Keir Thomas,LAR,,25,2,0,0,0,0,0,0,0,0,,0,0,0,0,,0,0,0,0,,,,,,,,220,,ThomKe04
561,SaRodorick Thompson,SEA,,24,1,0,0,0,0,0,0,0,0,,0,0,0,0,,0,0,0,0,,,,,,,,152,,ThomSa00
562,Mitchell Tinsley,WAS,,24,1,0,0,0,0,0,0,0,0,,0,0,0,0,,0,0,0,0,,,,,,,,221,,TinsMi00
563,Noah Togiai,PHI,,26,1,0,0,0,0,0,0,0,0,,0,0,0,0,,0,0,0,0,,,,,,,,124,,TogiNo00
564,Kyle Trask,TAM,QB,25,2,0,0,1,0,0,0,1,-1,-1.00,0,0,0,0,,0,0,0,0,,,,-0.1,-0.1,-0.1,,64,,TrasKy00
565,Laquon Treadwell,BAL,,28,2,0,0,0,0,0,0,0,0,,0,0,0,0,,0,0,0,0,,,,,,,,222,,TreaLa00
566,DJ Turner,LVR,,26,5,0,0,0,0,0,0,0,0,,0,0,0,0,,0,0,0,0,,,,,,,,223,,TurnDJ00
567,Nick Vannett,LAC,,30,3,2,0,0,0,0,0,0,0,,0,0,0,0,,0,0,0,0,,,,,,,,125,,VannNi00
568,Tylan Wallace,BAL,,24,6,0,0,0,0,0,0,0,0,,0,0,0,0,,0,0,0,0,,,,,,,,224,,WallTy00
569,Jonathan Ward,TEN,,26,2,0,0,0,0,0,0,0,0,,0,0,0,0,,0,0,0,0,,,,,,,,153,,WardJo00
570,Dwayne Washington,DEN,,29,9,0,0,0,0,0,0,0,0,,0,0,0,0,,0,0,0,0,,,,,,,,154,,WashDw00
571,Montrell Washington,KAN,,24,5,0,0,0,0,0,0,0,0,,0,0,0,0,,0,2,0,0,,,,,,,,225,,WashMo00
572,Parker Washington,JAX,,21,3,0,0,0,0,0,0,0,0,,0,0,0,0,,0,0,0,0,,,,,,,,226,,WashPa01
573,Carson Wentz,LAR,,31,1,0,0,0,0,0,0,0,0,,0,0,0,0,,0,0,0,0,,,,,,,,63,,WentCa00
574,Blake Whiteheart,ARI,,23,1,0,0,0,0,0,0,0,0,,0,0,0,0,,0,0,0,0,,,,,,,,126,,WhitBl01
575,Kristian Wilkerson,LVR,,26,2,1,0,0,0,0,0,0,0,,0,0,0,0,,0,0,0,0,,,,,,,,227,,WilkKr00
576,Brayden Willis,SFO,,24,2,0,0,0,0,0,0,0,0,,0,0,0,0,,0,0,0,0,,,,,,,,127,,WillBr06
577,Rodney Williams,PIT,,25,7,0,0,0,0,0,0,0,0,,0,2,0,0,,0,0,0,0,,,,,,,,128,,WillRo08
578,Juwann Winfree,IND,,27,7,1,0,0,0,0,0,0,0,,0,1,0,0,,0,0,0,0,,,,,,,,228,,WinfJu00
579,Easop Winston,SEA,,27,1,0,0,0,0,0,0,0,0,,0,0,0,0,,0,0,0,0,,,,,,,,229,,WinsEa00
580,Owen Wright,BAL,,24,1,0,0,0,0,0,0,0,0,,0,0,0,0,,0,0,0,0,,,,,,,,155,,WrigOw00
581,Dareke Young,SEA,,24,1,0,0,0,0,0,0,0,0,,0,0,0,0,,0,0,0,0,,,,,,,,230,,YounDa02
582,Kyle Allen,BUF,QB,27,5,0,0,0,0,0,0,9,-9,-1.00,0,0,0,0,,0,0,0,0,,,-1,-0.9,-0.9,-0.9,,68,,AlleKy00
583,Sam Darnold,SFO,QB,26,5,0,2,3,7,0,0,8,-8,-1.00,0,0,0,0,,0,0,0,0,,,-1,-0.5,-0.5,-0.5,,67,,DarnSa00
584,Julian Hill,MIA,TE,23,9,2,0,0,0,0,0,0,0,,0,4,2,14,7.00,0,1,1,0,,,-1,1.4,2.4,0.4,,129,,HillJu02
585,Deon Jackson,3TM,RB,24,4,1,0,0,0,0,0,14,16,1.14,0,6,5,14,2.80,0,2,2,0,,,-1,4.0,6.0,1.5,,156,,JackDe02
586,Richie James,KAN,WR,28,3,0,0,0,0,0,0,0,0,,0,3,1,6,6.00,0,1,1,0,,,-1,-0.4,0.6,-0.9,,232,,JameRi00
587,Adam Prentice,NOR,RB,26,7,1,0,0,0,0,0,1,5,5.00,0,2,1,5,5.00,0,1,1,0,,,-1,,1.0,-0.5,,157,,PrenAd00
588,David Wells,TAM,TE,28,4,0,0,0,0,0,0,0,0,,0,2,2,-10,-5.00,0,1,0,0,,,-1,1.0,1.0,,,130,,WellDa00
589,James Proche,CLE,,27,4,0,0,0,0,0,0,0,0,,0,1,0,0,,0,1,1,0,,,-2,-2.0,-1.0,-2.0,,233,,ProcJa00
590,Blaine Gabbert,KAN,QB,34,1,0,3,5,31,0,2,2,-1,-0.50,0,0,0,0,,0,0,0,0,,,-3,-2.9,-0.9,-0.9,,69,,GabbBl00
591,Gunner Olszewski,2TM,WR,27,7,0,0,0,0,0,0,0,0,,0,1,1,0,0.00,0,3,2,0,,,-4,-3.0,-1.0,-3.5,,234,,OlszGu00